date,actual,predicted,error,drift_detected,status
2019-01-01,25386.7,29881.3,4494.6,True,RETRAINED
2019-01-02,29982.7,30051.8,69.1,False,OK
2019-01-03,30222.6,30030.0,192.6,False,OK
2019-01-04,31065.5,30023.6,1042.0,False,OK
2019-01-05,27650.5,30022.5,2371.9,False,OK
2019-01-06,27495.7,30030.6,2535.0,False,OK
2019-01-07,32454.7,30032.3,2422.4,False,OK
2019-01-08,30470.0,30038.3,431.7,False,OK
2019-01-09,30793.5,30046.1,747.4,False,OK
2019-01-10,34893.2,30050.8,4842.4,True,RETRAINED
2019-01-11,35320.8,29893.3,5427.4,True,RETRAINED
2019-01-12,33877.5,29958.5,3919.0,True,RETRAINED
2019-01-13,33898.0,29664.2,4233.8,True,RETRAINED
2019-01-14,35810.3,30065.8,5744.5,True,RETRAINED
2019-01-15,35448.9,30573.3,4875.6,True,RETRAINED
2019-01-16,35059.5,30284.4,4775.0,True,RETRAINED
2019-01-17,34308.6,30062.4,4246.2,True,RETRAINED
2019-01-18,32820.6,30509.2,2311.5,False,OK
2019-01-19,31170.6,30517.8,652.8,False,OK
2019-01-20,31467.1,30526.1,941.0,False,OK
2019-01-21,42529.0,30531.2,11997.7,True,RETRAINED
2019-01-22,40150.4,30559.7,9590.7,True,RETRAINED
2019-01-23,34040.8,30249.1,3791.7,True,RETRAINED
2019-01-24,29795.1,29561.2,234.0,False,OK
2019-01-25,32865.8,29577.4,3288.4,True,RETRAINED
2019-01-26,33112.4,30250.4,2862.0,False,OK
2019-01-27,31397.3,30229.4,1167.9,False,OK
2019-01-28,33806.7,30216.9,3589.8,True,RETRAINED
2019-01-29,35252.1,32243.3,3008.8,True,RETRAINED
2019-01-30,38319.5,34091.2,4228.3,True,RETRAINED
2019-01-31,42385.7,36841.2,5544.4,True,RETRAINED
2019-02-01,40744.3,33361.9,7382.4,True,RETRAINED
2019-02-02,35863.0,32962.5,2900.4,False,OK
2019-02-03,30858.1,30703.3,154.7,False,OK
2019-02-04,30142.2,29637.7,504.6,False,OK
2019-02-05,28483.5,31436.6,2953.2,False,OK
2019-02-06,28116.2,30662.1,2546.0,False,OK
2019-02-07,28314.5,29004.7,690.2,False,OK
2019-02-08,28385.1,27494.4,890.7,False,OK
2019-02-09,31742.9,26786.3,4956.5,True,RETRAINED
2019-02-10,32507.5,29039.4,3468.0,True,RETRAINED
2019-02-11,33938.4,30844.8,3093.6,True,RETRAINED
2019-02-12,33993.4,33194.6,798.8,False,OK
2019-02-13,31502.6,33672.5,2169.9,False,OK
2019-02-14,31186.5,33238.0,2051.5,False,OK
2019-02-15,28105.3,31941.1,3835.8,True,RETRAINED
2019-02-16,28062.3,29403.9,1341.7,False,OK
2019-02-17,30524.1,29050.4,1473.7,False,OK
2019-02-18,30782.7,30231.9,550.8,False,OK
2019-02-19,32839.3,31770.6,1068.8,False,OK
2019-02-20,34894.7,33138.5,1756.2,False,OK
2019-02-21,30868.5,32905.5,2036.9,False,OK
2019-02-22,29905.5,31132.5,1227.0,False,OK
2019-02-23,29854.7,29092.8,761.8,False,OK
2019-02-24,28287.1,28300.5,13.4,False,OK
2019-02-25,30716.3,28825.9,1890.4,False,OK
2019-02-26,31189.0,31261.3,72.2,False,OK
2019-02-27,32399.8,33033.4,633.6,False,OK
2019-02-28,30645.2,32679.7,2034.5,False,OK
2019-03-01,33217.7,31050.0,2167.7,False,OK
2019-03-02,30297.5,28996.8,1300.7,False,OK
2019-03-03,29688.8,28271.0,1417.8,False,OK
2019-03-04,32421.8,29287.4,3134.4,True,RETRAINED
2019-03-05,34059.2,31034.8,3024.4,True,RETRAINED
2019-03-06,36411.1,34167.4,2243.7,False,OK
2019-03-07,35122.8,34525.1,597.7,False,OK
2019-03-08,33507.4,33938.0,430.5,False,OK
2019-03-09,29810.9,31934.3,2123.4,False,OK
2019-03-10,27856.5,29819.2,1962.6,False,OK
2019-03-11,27524.4,29307.0,1782.7,False,OK
2019-03-12,28965.5,31566.2,2600.8,False,OK
2019-03-13,29743.1,32858.8,3115.8,True,RETRAINED
2019-03-14,27161.4,32624.6,5463.1,True,RETRAINED
2019-03-15,25801.3,28687.3,2886.0,False,OK
2019-03-16,24301.3,26207.7,1906.3,False,OK
2019-03-17,26333.5,26709.3,375.9,False,OK
2019-03-18,29452.2,29039.1,413.0,False,OK
2019-03-19,29683.7,30259.5,575.9,False,OK
2019-03-20,29391.8,31140.4,1748.6,False,OK
2019-03-21,29471.4,30450.8,979.4,False,OK
2019-03-22,29015.0,27763.1,1251.8,False,OK
2019-03-23,27370.3,26312.8,1057.4,False,OK
2019-03-24,25726.3,26777.6,1051.3,False,OK
2019-03-25,26658.6,28501.0,1842.4,False,OK
2019-03-26,28076.7,29430.8,1354.1,False,OK
2019-03-27,29118.4,30339.4,1221.0,False,OK
2019-03-28,28023.0,30278.5,2255.5,False,OK
2019-03-29,26029.4,27961.1,1931.6,False,OK
2019-03-30,23149.5,25528.9,2379.5,False,OK
2019-03-31,23465.4,24978.0,1512.6,False,OK
2019-04-01,28497.2,26626.6,1870.7,False,OK
2019-04-02,29617.0,28308.7,1308.3,False,OK
2019-04-03,27282.4,28818.4,1536.0,False,OK
2019-04-04,25667.7,28290.4,2622.7,False,OK
2019-04-05,27129.5,27125.5,4.0,False,OK
2019-04-06,24041.8,25371.1,1329.4,False,OK
2019-04-07,22875.5,24838.5,1963.0,False,OK
2019-04-08,25882.9,26230.9,348.0,False,OK
2019-04-09,25838.7,27295.1,1456.4,False,OK
2019-04-10,24757.2,27946.0,3188.9,True,RETRAINED
2019-04-11,25374.0,27355.1,1981.0,False,OK
2019-04-12,25535.7,27053.2,1517.6,False,OK
2019-04-13,23789.2,25886.6,2097.4,False,OK
2019-04-14,24030.5,25768.7,1738.2,False,OK
2019-04-15,25060.0,26912.1,1852.1,False,OK
2019-04-16,25131.8,27709.1,2577.3,False,OK
2019-04-17,24904.6,28163.0,3258.3,True,RETRAINED
2019-04-18,25562.0,26943.4,1381.4,False,OK
2019-04-19,25779.3,25893.5,114.2,False,OK
2019-04-20,23736.1,24931.9,1195.9,False,OK
2019-04-21,21974.7,24895.8,2921.0,False,OK
2019-04-22,24595.9,25990.6,1394.7,False,OK
2019-04-23,25929.3,26821.4,892.1,False,OK
2019-04-24,25947.7,26955.5,1007.8,False,OK
2019-04-25,25628.0,26677.7,1049.7,False,OK
2019-04-26,25385.8,25839.8,454.0,False,OK
2019-04-27,22342.2,24632.0,2289.8,False,OK
2019-04-28,22970.8,24983.0,2012.2,False,OK
2019-04-29,24617.7,25721.6,1103.9,False,OK
2019-04-30,26126.5,26671.5,545.1,False,OK
2019-05-01,26347.1,26519.0,171.9,False,OK
2019-05-02,27759.2,25722.5,2036.8,False,OK
2019-05-03,27444.3,25338.2,2106.1,False,OK
2019-05-04,25710.1,24697.5,1012.5,False,OK
2019-05-05,24401.4,24922.8,521.4,False,OK
2019-05-06,25619.2,25847.8,228.6,False,OK
2019-05-07,26718.7,26907.1,188.4,False,OK
2019-05-08,26704.5,27508.8,804.3,False,OK
2019-05-09,26735.2,27345.6,610.3,False,OK
2019-05-10,27697.8,26994.2,703.5,False,OK
2019-05-11,24262.3,27025.0,2762.8,False,OK
2019-05-12,23681.1,27238.1,3557.0,True,RETRAINED
2019-05-13,25964.8,27492.3,1527.4,False,OK
2019-05-14,25590.8,27714.1,2123.3,False,OK
2019-05-15,25350.1,27893.1,2543.0,False,OK
2019-05-16,25787.6,27870.7,2083.1,False,OK
2019-05-17,27292.8,27292.2,0.6,False,OK
2019-05-18,26741.8,26360.7,381.1,False,OK
2019-05-19,29382.2,27106.8,2275.3,False,OK
2019-05-20,34272.3,28952.6,5319.8,True,RETRAINED
2019-05-21,27835.4,31333.2,3497.9,True,RETRAINED
2019-05-22,26423.5,30212.0,3788.5,True,RETRAINED
2019-05-23,28663.6,31156.2,2492.7,False,OK
2019-05-24,30454.8,32433.6,1978.8,False,OK
2019-05-25,26903.4,30721.5,3818.1,True,RETRAINED
2019-05-26,30163.8,27972.7,2191.1,False,OK
2019-05-27,30312.7,32693.8,2381.1,False,OK
2019-05-28,32673.9,34191.9,1518.1,False,OK
2019-05-29,34795.4,35304.9,509.5,False,OK
2019-05-30,33317.4,36213.0,2895.6,False,OK
2019-05-31,32343.9,33067.3,723.4,False,OK
2019-06-01,29161.9,29279.7,117.8,False,OK
2019-06-02,29438.0,30777.0,1338.9,False,OK
2019-06-03,27685.1,33582.8,5897.8,True,RETRAINED
2019-06-04,26719.9,33807.1,7087.1,True,RETRAINED
2019-06-05,30944.9,30875.3,69.6,False,OK
2019-06-06,35183.3,33171.5,2011.8,False,OK
2019-06-07,31970.4,34482.6,2512.1,False,OK
2019-06-08,28541.7,31279.9,2738.1,False,OK
2019-06-09,26866.9,29622.1,2755.1,False,OK
2019-06-10,29721.4,28796.2,925.2,False,OK
2019-06-11,29617.2,31035.2,1418.1,False,OK
2019-06-12,27919.9,31019.5,3099.6,True,RETRAINED
2019-06-13,28153.2,30718.2,2565.0,False,OK
2019-06-14,26468.8,28595.5,2126.8,False,OK
2019-06-15,26220.9,26984.1,763.2,False,OK
2019-06-16,29919.3,27123.5,2795.8,False,OK
2019-06-17,35095.2,29422.6,5672.6,True,RETRAINED
2019-06-18,34472.5,34471.4,1.1,False,OK
2019-06-19,34186.8,36087.4,1900.6,False,OK
2019-06-20,35736.8,34042.5,1694.3,False,OK
2019-06-21,32156.3,32009.9,146.3,False,OK
2019-06-22,28087.6,29128.2,1040.6,False,OK
2019-06-23,28692.6,28717.0,24.4,False,OK
2019-06-24,34643.4,31588.9,3054.4,True,RETRAINED
2019-06-25,37207.1,33278.6,3928.6,True,RETRAINED
2019-06-26,37328.7,37303.6,25.1,False,OK
2019-06-27,38811.4,36975.6,1835.8,False,OK
2019-06-28,38456.5,37037.1,1419.4,False,OK
2019-06-29,36638.0,37439.3,801.3,False,OK
2019-06-30,34523.8,36726.6,2202.7,False,OK
2019-07-01,34439.2,40154.7,5715.5,True,RETRAINED
2019-07-02,37174.4,39344.2,2169.9,False,OK
2019-07-03,39230.8,39243.9,13.1,False,OK
2019-07-04,36840.5,38024.9,1184.4,False,OK
2019-07-05,37593.9,33961.2,3632.7,True,RETRAINED
2019-07-06,37539.9,31472.7,6067.2,True,RETRAINED
2019-07-07,35561.9,35466.1,95.8,False,OK
2019-07-08,34336.8,36068.8,1732.0,False,OK
2019-07-09,35806.5,37490.9,1684.5,False,OK
2019-07-10,38088.5,37510.6,577.9,False,OK
2019-07-11,37918.5,37231.2,687.3,False,OK
2019-07-12,37944.9,36479.2,1465.8,False,OK
2019-07-13,36011.9,35900.6,111.3,False,OK
2019-07-14,37488.8,36272.3,1216.5,False,OK
2019-07-15,38180.5,37677.8,502.8,False,OK
2019-07-16,40670.5,39087.4,1583.1,False,OK
2019-07-17,43812.9,38972.1,4840.7,True,RETRAINED
2019-07-18,41094.1,38794.1,2300.0,False,OK
2019-07-19,43472.6,37270.9,6201.7,True,RETRAINED
2019-07-20,45103.1,35803.3,9299.8,True,RETRAINED
2019-07-21,45003.8,40016.0,4987.9,True,RETRAINED
2019-07-22,42516.6,42151.8,364.9,False,OK
2019-07-23,33203.3,41628.0,8424.7,True,RETRAINED
2019-07-24,33470.1,32847.4,622.7,False,OK
2019-07-25,34389.0,32868.6,1520.5,False,OK
2019-07-26,35051.2,32678.9,2372.3,False,OK
2019-07-27,34464.4,34412.5,51.9,False,OK
2019-07-28,36365.4,37207.8,842.4,False,OK
2019-07-29,41095.8,41968.1,872.3,False,OK
2019-07-30,42227.2,43185.9,958.7,False,OK
2019-07-31,38617.0,43012.1,4395.1,True,RETRAINED
2019-08-01,37533.8,37316.9,216.9,False,OK
2019-08-02,36157.1,35312.5,844.6,False,OK
2019-08-03,35649.2,33199.5,2449.6,False,OK
2019-08-04,35967.3,35464.3,503.1,False,OK
2019-08-05,36428.7,38808.6,2379.9,False,OK
2019-08-06,37329.8,39210.5,1880.7,False,OK
2019-08-07,37244.9,39082.0,1837.1,False,OK
2019-08-08,36813.5,38378.7,1565.2,False,OK
2019-08-09,36492.5,37057.8,565.4,False,OK
2019-08-10,31242.5,35558.1,4315.6,True,RETRAINED
2019-08-11,30342.6,32821.4,2478.8,False,OK
2019-08-12,35453.5,34556.0,897.5,False,OK
2019-08-13,36434.5,38580.4,2145.9,False,OK
2019-08-14,37214.4,38402.5,1188.2,False,OK
2019-08-15,36247.3,37104.0,856.8,False,OK
2019-08-16,36672.7,33373.0,3299.7,True,RETRAINED
2019-08-17,37110.0,31118.8,5991.2,True,RETRAINED
2019-08-18,37829.7,34406.2,3423.4,True,RETRAINED
2019-08-19,41208.5,37227.2,3981.3,True,RETRAINED
2019-08-20,40469.5,40571.5,102.0,False,OK
2019-08-21,39804.0,40536.0,732.0,False,OK
2019-08-22,40477.5,39291.8,1185.8,False,OK
2019-08-23,32908.8,37852.1,4943.3,True,RETRAINED
2019-08-24,27319.8,32737.8,5418.0,True,RETRAINED
2019-08-25,26809.7,29493.7,2684.0,False,OK
2019-08-26,28615.3,32686.2,4070.9,True,RETRAINED
2019-08-27,29702.3,34791.7,5089.5,True,RETRAINED
2019-08-28,32271.8,34257.9,1986.1,False,OK
2019-08-29,31789.7,33783.7,1994.0,False,OK
2019-08-30,32719.9,32851.1,131.2,False,OK
2019-08-31,31582.3,32460.2,877.9,False,OK
2019-09-01,29474.9,36203.2,6728.3,True,RETRAINED
2019-09-02,32214.8,34987.4,2772.6,False,OK
2019-09-03,34498.8,37233.6,2734.9,False,OK
2019-09-04,37388.1,36943.2,445.0,False,OK
2019-09-05,32615.1,37705.4,5090.3,True,RETRAINED
2019-09-06,28501.3,33346.5,4845.1,True,RETRAINED
2019-09-07,26882.4,27760.3,877.9,False,OK
2019-09-08,28205.0,31860.5,3655.5,True,RETRAINED
2019-09-09,31843.2,31579.7,263.5,False,OK
2019-09-10,33013.3,35706.6,2693.3,False,OK
2019-09-11,36636.1,36837.5,201.4,False,OK
2019-09-12,37691.5,38026.4,334.8,False,OK
2019-09-13,29458.3,38313.4,8855.1,True,RETRAINED
2019-09-14,28044.5,28720.2,675.6,False,OK
2019-09-15,30553.0,29920.8,632.2,False,OK
2019-09-16,32768.7,36685.7,3917.1,True,RETRAINED
2019-09-17,30806.5,39199.0,8392.6,True,RETRAINED
2019-09-18,27630.7,36530.6,8900.0,True,RETRAINED
2019-09-19,26106.6,30878.3,4771.8,True,RETRAINED
2019-09-20,26268.2,27283.7,1015.5,False,OK
2019-09-21,27217.2,26012.3,1204.9,False,OK
2019-09-22,30815.6,27609.7,3205.9,True,RETRAINED
2019-09-23,35436.3,33345.2,2091.1,False,OK
2019-09-24,31275.5,37985.2,6709.7,True,RETRAINED
2019-09-25,28794.3,34479.1,5684.8,True,RETRAINED
2019-09-26,30599.0,29976.6,622.4,False,OK
2019-09-27,29057.6,29713.5,655.9,False,OK
2019-09-28,29919.0,29456.3,462.8,False,OK
2019-09-29,30907.9,29697.8,1210.2,False,OK
2019-09-30,28994.1,30271.7,1277.6,False,OK
2019-10-01,31590.5,30383.7,1206.8,False,OK
2019-10-02,36675.5,30283.8,6391.7,True,RETRAINED
2019-10-03,31824.7,35183.9,3359.2,True,RETRAINED
2019-10-04,28030.3,30076.7,2046.5,False,OK
2019-10-05,22803.0,25290.9,2487.9,False,OK
2019-10-06,24102.5,23584.2,518.2,False,OK
2019-10-07,28488.8,28144.2,344.6,False,OK
2019-10-08,26058.5,29739.7,3681.2,True,RETRAINED
2019-10-09,25517.3,27700.6,2183.2,False,OK
2019-10-10,25564.4,26366.9,802.4,False,OK
2019-10-11,25092.6,25067.2,25.4,False,OK
2019-10-12,23214.5,24121.9,907.4,False,OK
2019-10-13,22905.9,24041.0,1135.2,False,OK
2019-10-14,25433.0,25090.4,342.5,False,OK
2019-10-15,25206.0,26485.0,1279.1,False,OK
2019-10-16,25995.2,26460.1,464.9,False,OK
2019-10-17,25489.8,25340.1,149.7,False,OK
2019-10-18,25303.8,24319.3,984.5,False,OK
2019-10-19,23674.7,23704.3,29.6,False,OK
2019-10-20,24001.0,23604.9,396.2,False,OK
2019-10-21,25164.5,24258.8,905.7,False,OK
2019-10-22,25957.0,25465.7,491.3,False,OK
2019-10-23,25223.6,25532.9,309.3,False,OK
2019-10-24,25638.2,25188.9,449.3,False,OK
2019-10-25,25404.7,24658.2,746.5,False,OK
2019-10-26,23353.4,23992.3,639.0,False,OK
2019-10-27,24538.7,23966.9,571.9,False,OK
2019-10-28,25200.1,25425.8,225.7,False,OK
2019-10-29,25708.7,26574.0,865.3,False,OK
2019-10-30,26034.6,26615.5,581.0,False,OK
2019-10-31,27522.7,25794.3,1728.4,False,OK
2019-11-01,25207.3,25292.0,84.6,False,OK
2019-11-02,25243.7,24582.7,661.1,False,OK
2019-11-03,26241.9,24804.9,1437.0,False,OK
2019-11-04,27548.8,26321.0,1227.8,False,OK
2019-11-05,26736.6,27759.3,1022.7,False,OK
2019-11-06,26576.3,27689.6,1113.3,False,OK
2019-11-07,27302.9,27048.1,254.8,False,OK
2019-11-08,28915.8,25620.2,3295.6,True,RETRAINED
2019-11-09,29181.7,26471.3,2710.4,False,OK
2019-11-10,27173.4,27468.9,295.5,False,OK
2019-11-11,26984.6,28641.3,1656.7,False,OK
2019-11-12,29931.7,29797.9,133.8,False,OK
2019-11-13,33937.6,30050.6,3887.0,True,RETRAINED
2019-11-14,33304.7,31198.3,2106.4,False,OK
2019-11-15,30196.2,30535.4,339.2,False,OK
2019-11-16,28901.7,28632.2,269.6,False,OK
2019-11-17,29288.0,29680.3,392.3,False,OK
2019-11-18,30252.6,30938.3,685.6,False,OK
2019-11-19,28999.9,30776.9,1777.0,False,OK
2019-11-20,29166.9,29839.3,672.4,False,OK
2019-11-21,29122.0,29519.3,397.3,False,OK
2019-11-22,28452.9,28558.4,105.5,False,OK
2019-11-23,28744.0,26983.5,1760.5,False,OK
2019-11-24,27647.3,27995.2,347.9,False,OK
2019-11-25,29325.9,29156.6,169.3,False,OK
2019-11-26,28562.6,30197.1,1634.5,False,OK
2019-11-27,27976.5,29661.6,1685.1,False,OK
2019-11-28,26242.2,28071.0,1828.8,False,OK
2019-11-29,27860.5,28698.4,837.9,False,OK
2019-11-30,27989.4,28031.9,42.4,False,OK
2019-12-01,29122.1,28968.1,154.0,False,OK
2019-12-02,31383.2,28732.9,2650.4,False,OK
2019-12-03,31407.1,30053.6,1353.5,False,OK
2019-12-04,31582.2,31291.7,290.5,False,OK
2019-12-05,31396.4,30873.2,523.3,False,OK
2019-12-06,31323.0,30839.8,483.2,False,OK
2019-12-07,29661.3,29256.6,404.7,False,OK
2019-12-08,30744.9,30034.6,710.4,False,OK
2019-12-09,30222.3,31017.4,795.1,False,OK
2019-12-10,28246.9,30504.8,2257.9,False,OK
2019-12-11,32108.4,29450.5,2657.9,False,OK
2019-12-12,34283.6,31375.6,2908.0,False,OK
2019-12-13,33097.3,31987.3,1110.0,False,OK
2019-12-14,28220.7,29307.8,1087.0,False,OK
2019-12-15,28257.4,28547.8,290.4,False,OK
2019-12-16,32420.8,30811.3,1609.5,False,OK
2019-12-17,32399.3,31933.8,465.5,False,OK
2019-12-18,33669.0,31267.7,2401.3,False,OK
2019-12-19,37307.2,33013.3,4293.9,True,RETRAINED
2019-12-20,35860.7,34376.5,1484.2,False,OK
2019-12-21,33870.3,32082.6,1787.8,False,OK
2019-12-22,32032.0,31670.0,362.0,False,OK
2019-12-23,31494.5,32156.9,662.4,False,OK
2019-12-24,29165.8,32355.3,3189.4,True,RETRAINED
2019-12-25,28679.5,32373.3,3693.8,True,RETRAINED
2019-12-26,30149.4,30809.5,660.1,False,OK
2019-12-27,28586.3,28647.0,60.7,False,OK
2019-12-28,26326.0,26883.6,557.6,False,OK
2019-12-29,26951.6,26994.3,42.7,False,OK
2019-12-30,27806.0,27794.0,12.0,False,OK
2019-12-31,28130.5,28227.2,96.6,False,OK
2020-01-01,28340.2,29089.7,749.5,False,OK
2020-01-02,30782.7,30246.6,536.1,False,OK
2020-01-03,28638.9,29539.6,900.7,False,OK
2020-01-04,26268.5,27511.7,1243.2,False,OK
2020-01-05,28828.0,27437.0,1391.0,False,OK
2020-01-06,31048.4,30351.3,697.1,False,OK
2020-01-07,32959.9,31851.1,1108.9,False,OK
2020-01-08,33173.6,32828.3,345.3,False,OK
2020-01-09,34111.8,33401.6,710.2,False,OK
2020-01-10,30783.7,34023.9,3240.2,True,RETRAINED
2020-01-11,25392.9,29769.3,4376.5,True,RETRAINED
2020-01-12,23955.6,28823.3,4867.7,True,RETRAINED
2020-01-13,28179.0,28524.5,345.5,False,OK
2020-01-14,29315.8,29261.1,54.7,False,OK
2020-01-15,28064.7,29038.9,974.2,False,OK
2020-01-16,28719.0,28634.2,84.8,False,OK
2020-01-17,33472.7,28584.2,4888.4,True,RETRAINED
2020-01-18,33586.7,28944.4,4642.2,True,RETRAINED
2020-01-19,29472.9,30654.3,1181.3,False,OK
2020-01-20,35430.2,32358.9,3071.3,True,RETRAINED
2020-01-21,36485.2,34711.5,1773.8,False,OK
2020-01-22,35197.8,35345.9,148.2,False,OK
2020-01-23,34304.3,34989.9,685.7,False,OK
2020-01-24,30652.9,33003.5,2350.6,False,OK
2020-01-25,27606.0,29661.4,2055.4,False,OK
2020-01-26,28395.6,28570.9,175.3,False,OK
2020-01-27,31202.6,31887.8,685.1,False,OK
2020-01-28,31222.1,31693.0,471.0,False,OK
2020-01-29,31873.0,32192.6,319.6,False,OK
2020-01-30,33236.6,32174.1,1062.4,False,OK
2020-01-31,32228.9,32607.9,379.0,False,OK
2020-02-01,29308.9,30606.3,1297.4,False,OK
2020-02-02,28249.4,29640.6,1391.2,False,OK
2020-02-03,27877.4,31213.5,3336.1,True,RETRAINED
2020-02-04,27166.8,29060.1,1893.3,False,OK
2020-02-05,28627.8,28217.4,410.4,False,OK
2020-02-06,30243.4,28191.6,2051.8,False,OK
2020-02-07,29226.5,27422.5,1804.0,False,OK
2020-02-08,30051.5,26866.6,3184.9,True,RETRAINED
2020-02-09,29112.7,29448.2,335.4,False,OK
2020-02-10,30094.8,30987.9,893.1,False,OK
2020-02-11,28300.4,30132.3,1831.9,False,OK
2020-02-12,29164.2,29223.7,59.5,False,OK
2020-02-13,29611.3,30143.0,531.7,False,OK
2020-02-14,31489.4,27685.4,3804.0,True,RETRAINED
2020-02-15,33057.2,30318.4,2738.8,False,OK
2020-02-16,29824.1,33225.8,3401.7,True,RETRAINED
2020-02-17,28655.3,32228.7,3573.4,True,RETRAINED
2020-02-18,28981.4,31706.5,2725.1,False,OK
2020-02-19,28692.7,30005.5,1312.8,False,OK
2020-02-20,32951.7,30514.8,2436.8,False,OK
2020-02-21,34204.2,30759.3,3444.8,True,RETRAINED
2020-02-22,30534.7,31538.6,1003.9,False,OK
2020-02-23,27978.0,30217.9,2239.9,False,OK
2020-02-24,29036.9,30830.7,1793.9,False,OK
2020-02-25,28210.7,30315.0,2104.3,False,OK
2020-02-26,28077.0,28656.9,580.0,False,OK
2020-02-27,30113.5,27535.5,2578.0,False,OK
2020-02-28,31666.5,29309.8,2356.7,False,OK
2020-02-29,31082.6,28763.0,2319.6,False,OK
2020-03-01,29671.6,29797.3,125.7,False,OK
2020-03-02,28634.4,31391.1,2756.8,False,OK
2020-03-03,27189.5,30361.0,3171.6,True,RETRAINED
2020-03-04,26793.2,28338.6,1545.4,False,OK
2020-03-05,27749.8,27952.1,202.3,False,OK
2020-03-06,29865.9,27243.7,2622.2,False,OK
2020-03-07,27861.3,26210.7,1650.6,False,OK
2020-03-08,26720.3,26669.7,50.6,False,OK
2020-03-09,26774.6,28162.0,1387.4,False,OK
2020-03-10,26000.4,27919.5,1919.1,False,OK
2020-03-11,25819.9,27575.9,1756.0,False,OK
2020-03-12,26953.7,27197.4,243.7,False,OK
2020-03-13,25906.6,25734.1,172.5,False,OK
2020-03-14,24069.6,24156.7,87.1,False,OK
2020-03-15,25311.0,24664.7,646.2,False,OK
2020-03-16,28016.0,26199.4,1816.6,False,OK
2020-03-17,27080.0,27453.1,373.1,False,OK
2020-03-18,26130.3,27062.7,932.4,False,OK
2020-03-19,26356.4,26909.1,552.7,False,OK
2020-03-20,25743.3,25236.3,507.0,False,OK
2020-03-21,23308.7,24612.6,1303.9,False,OK
2020-03-22,24784.0,23882.7,901.3,False,OK
2020-03-23,28447.7,26441.8,2005.9,False,OK
2020-03-24,26364.7,26809.5,444.9,False,OK
2020-03-25,27515.4,27304.4,211.0,False,OK
2020-03-26,25837.6,26831.0,993.4,False,OK
2020-03-27,23993.0,25792.1,1799.1,False,OK
2020-03-28,23772.3,24399.0,626.7,False,OK
2020-03-29,23916.8,24559.3,642.4,False,OK
2020-03-30,24661.9,25887.8,1225.9,False,OK
2020-03-31,25948.6,26154.9,206.3,False,OK
2020-04-01,26408.9,26874.4,465.5,False,OK
2020-04-02,25386.9,26849.2,1462.3,False,OK
2020-04-03,24759.8,26588.7,1828.9,False,OK
2020-04-04,23160.6,25794.4,2633.8,False,OK
2020-04-05,22607.3,25506.0,2898.6,False,OK
2020-04-06,23211.8,26419.0,3207.2,True,RETRAINED
2020-04-07,23713.4,25859.1,2145.7,False,OK
2020-04-08,23744.3,26152.2,2407.9,False,OK
2020-04-09,23558.8,25599.4,2040.6,False,OK
2020-04-10,24554.5,24563.4,8.9,False,OK
2020-04-11,23537.2,24618.4,1081.1,False,OK
2020-04-12,22544.6,23680.4,1135.7,False,OK
2020-04-13,24139.2,24761.6,622.4,False,OK
2020-04-14,23418.3,25579.3,2161.0,False,OK
2020-04-15,24934.2,26095.2,1161.0,False,OK
2020-04-16,25315.2,25948.1,632.9,False,OK
2020-04-17,25515.8,25637.5,121.7,False,OK
2020-04-18,23750.4,24455.0,704.6,False,OK
2020-04-19,23332.4,23289.2,43.2,False,OK
2020-04-20,23946.6,24813.1,866.5,False,OK
2020-04-21,24404.6,25439.3,1034.7,False,OK
2020-04-22,24725.4,25926.0,1200.6,False,OK
2020-04-23,25006.7,26567.8,1561.1,False,OK
2020-04-24,24710.2,25079.1,368.9,False,OK
2020-04-25,22468.8,23686.9,1218.0,False,OK
2020-04-26,23187.7,22954.2,233.5,False,OK
2020-04-27,24975.9,23818.8,1157.1,False,OK
2020-04-28,24361.7,24579.7,218.0,False,OK
2020-04-29,24005.2,25164.3,1159.1,False,OK
2020-04-30,24080.0,25050.7,970.6,False,OK
2020-05-01,23136.2,24349.3,1213.1,False,OK
2020-05-02,21533.1,23642.0,2108.9,False,OK
2020-05-03,22454.1,23444.8,990.7,False,OK
2020-05-04,23804.7,25120.9,1316.3,False,OK
2020-05-05,23173.3,25243.5,2070.2,False,OK
2020-05-06,24363.0,25942.8,1579.7,False,OK
2020-05-07,23564.2,25564.0,1999.8,False,OK
2020-05-08,24050.9,25109.1,1058.1,False,OK
2020-05-09,24211.2,24170.3,40.9,False,OK
2020-05-10,22934.7,24488.5,1553.9,False,OK
2020-05-11,23806.2,25512.2,1705.9,False,OK
2020-05-12,24172.0,26329.6,2157.7,False,OK
2020-05-13,23969.8,27084.9,3115.2,True,RETRAINED
2020-05-14,23889.4,24888.0,998.6,False,OK
2020-05-15,26205.9,24064.6,2141.3,False,OK
2020-05-16,25700.3,25087.7,612.6,False,OK
2020-05-17,23012.5,25259.4,2246.9,False,OK
2020-05-18,23840.4,23977.0,136.6,False,OK
2020-05-19,23596.5,24449.3,852.8,False,OK
2020-05-20,23906.2,24458.1,551.9,False,OK
2020-05-21,24056.7,24234.3,177.6,False,OK
2020-05-22,24952.9,23747.1,1205.8,False,OK
2020-05-23,25038.8,23313.9,1724.8,False,OK
2020-05-24,22260.4,24959.7,2699.3,False,OK
2020-05-25,23311.7,24241.8,930.2,False,OK
2020-05-26,26516.0,25017.3,1498.7,False,OK
2020-05-27,27983.0,26109.1,1873.9,False,OK
2020-05-28,29780.4,26530.4,3250.0,True,RETRAINED
2020-05-29,31993.7,27287.7,4705.9,True,RETRAINED
2020-05-30,28376.6,28199.4,177.2,False,OK
2020-05-31,23593.9,26508.4,2914.5,False,OK
2020-06-01,24197.2,26173.3,1976.2,False,OK
2020-06-02,25316.9,27751.5,2434.7,False,OK
2020-06-03,30532.1,28974.6,1557.5,False,OK
2020-06-04,34017.5,33184.1,833.4,False,OK
2020-06-05,33059.7,32453.9,605.8,False,OK
2020-06-06,33006.1,30793.3,2212.8,False,OK
2020-06-07,27905.1,30842.7,2937.6,False,OK
2020-06-08,28960.3,28205.5,754.8,False,OK
2020-06-09,33487.0,29716.8,3770.2,True,RETRAINED
2020-06-10,37660.2,31868.2,5792.1,True,RETRAINED
2020-06-11,35512.2,33379.8,2132.4,False,OK
2020-06-12,32518.6,31856.8,661.7,False,OK
2020-06-13,26536.3,28802.9,2266.6,False,OK
2020-06-14,24533.2,26304.7,1771.5,False,OK
2020-06-15,26415.4,29111.2,2695.7,False,OK
2020-06-16,26687.4,30141.5,3454.1,True,RETRAINED
2020-06-17,27346.2,29092.2,1746.0,False,OK
2020-06-18,29658.1,29028.1,630.0,False,OK
2020-06-19,31166.6,29322.8,1843.8,False,OK
2020-06-20,29714.9,27818.3,1896.6,False,OK
2020-06-21,30920.7,28303.4,2617.3,False,OK
2020-06-22,36068.3,31529.1,4539.2,True,RETRAINED
2020-06-23,37325.0,34264.5,3060.5,True,RETRAINED
2020-06-24,35724.6,33899.0,1825.6,False,OK
2020-06-25,33131.4,31266.9,1864.4,False,OK
2020-06-26,33281.8,28394.2,4887.6,True,RETRAINED
2020-06-27,33055.6,30520.6,2535.0,False,OK
2020-06-28,34880.3,34938.8,58.6,False,OK
2020-06-29,37003.4,37526.1,522.8,False,OK
2020-06-30,35181.6,38485.4,3303.8,True,RETRAINED
2020-07-01,34493.2,39549.7,5056.4,True,RETRAINED
2020-07-02,36218.0,36980.9,762.8,False,OK
2020-07-03,37790.5,37046.1,744.4,False,OK
2020-07-04,35581.6,37386.0,1804.5,False,OK
2020-07-05,36400.8,34892.5,1508.3,False,OK
2020-07-06,38666.2,36886.8,1779.5,False,OK
2020-07-07,37355.8,37918.7,562.9,False,OK
2020-07-08,38819.8,38873.3,53.5,False,OK
2020-07-09,39502.0,39674.2,172.3,False,OK
2020-07-10,37016.8,38035.9,1019.1,False,OK
2020-07-11,36487.9,35823.0,664.8,False,OK
2020-07-12,35348.7,35881.1,532.4,False,OK
2020-07-13,37319.9,34092.6,3227.3,True,RETRAINED
2020-07-14,36824.4,36921.9,97.5,False,OK
2020-07-15,37113.4,37587.6,474.2,False,OK
2020-07-16,35922.4,37183.1,1260.7,False,OK
2020-07-17,38353.9,37215.8,1138.1,False,OK
2020-07-18,39036.0,37925.2,1110.7,False,OK
2020-07-19,40985.4,38809.7,2175.8,False,OK
2020-07-20,45332.5,39629.3,5703.2,True,RETRAINED
2020-07-21,43516.8,42221.3,1295.5,False,OK
2020-07-22,41759.3,41860.6,101.3,False,OK
2020-07-23,39903.6,40735.7,832.0,False,OK
2020-07-24,37168.7,38988.3,1819.6,False,OK
2020-07-25,37236.6,35352.4,1884.2,False,OK
2020-07-26,39545.2,37862.7,1682.5,False,OK
2020-07-27,42981.2,40626.7,2354.4,False,OK
2020-07-28,43831.9,42025.2,1806.7,False,OK
2020-07-29,41362.2,41911.6,549.4,False,OK
2020-07-30,41843.7,40578.3,1265.4,False,OK
2020-07-31,36625.3,40226.7,3601.5,True,RETRAINED
2020-08-01,36158.2,32051.0,4107.2,True,RETRAINED
2020-08-02,39234.2,38352.2,882.0,False,OK
2020-08-03,39007.7,40892.1,1884.4,False,OK
2020-08-04,33625.5,39345.2,5719.7,True,RETRAINED
2020-08-05,35457.8,38800.6,3342.8,True,RETRAINED
2020-08-06,34547.9,37412.5,2864.5,False,OK
2020-08-07,34256.2,35921.7,1665.5,False,OK
2020-08-08,33237.1,33997.0,759.9,False,OK
2020-08-09,35768.3,34697.0,1071.3,False,OK
2020-08-10,40758.7,37065.9,3692.8,True,RETRAINED
2020-08-11,41342.9,41435.4,92.5,False,OK
2020-08-12,40531.0,41546.4,1015.4,False,OK
2020-08-13,36709.4,39215.0,2505.6,False,OK
2020-08-14,36722.9,33558.4,3164.5,True,RETRAINED
2020-08-15,31368.8,32471.2,1102.4,False,OK
2020-08-16,28571.7,32368.6,3796.9,True,RETRAINED
2020-08-17,32147.9,31969.0,178.9,False,OK
2020-08-18,33900.2,33814.2,86.0,False,OK
2020-08-19,32769.2,35222.3,2453.1,False,OK
2020-08-20,32310.3,33862.8,1552.5,False,OK
2020-08-21,33979.3,31628.0,2351.3,False,OK
2020-08-22,34500.7,30838.5,3662.3,True,RETRAINED
2020-08-23,35151.4,32522.4,2629.0,False,OK
2020-08-24,38851.2,35824.2,3027.0,True,RETRAINED
2020-08-25,39546.2,36824.5,2721.7,False,OK
2020-08-26,34805.8,37570.6,2764.8,False,OK
2020-08-27,38959.8,35664.4,3295.4,True,RETRAINED
2020-08-28,38188.1,35887.7,2300.5,False,OK
2020-08-29,34552.7,33705.1,847.6,False,OK
2020-08-30,30245.7,32985.1,2739.4,False,OK
2020-08-31,30062.7,30848.9,786.2,False,OK
2020-09-01,32080.2,33075.8,995.6,False,OK
2020-09-02,36495.2,35707.1,788.1,False,OK
2020-09-03,38581.3,37165.5,1415.9,False,OK
2020-09-04,37014.8,36235.3,779.5,False,OK
2020-09-05,29134.1,32712.0,3577.9,True,RETRAINED
2020-09-06,28283.4,25663.7,2619.7,False,OK
2020-09-07,29588.8,30035.9,447.1,False,OK
2020-09-08,33451.1,31028.5,2422.6,False,OK
2020-09-09,34017.9,32701.7,1316.3,False,OK
2020-09-10,35986.5,32009.3,3977.2,True,RETRAINED
2020-09-11,33849.7,33336.8,512.9,False,OK
2020-09-12,27606.4,29860.6,2254.2,False,OK
2020-09-13,28243.6,27555.4,688.2,False,OK
2020-09-14,30183.9,30130.5,53.4,False,OK
2020-09-15,25591.5,31216.6,5625.1,True,RETRAINED
2020-09-16,25917.9,28320.5,2402.7,False,OK
2020-09-17,27565.8,27549.2,16.6,False,OK
2020-09-18,27113.5,27304.7,191.2,False,OK
2020-09-19,22709.5,25713.9,3004.4,True,RETRAINED
2020-09-20,22468.5,25041.3,2572.9,False,OK
2020-09-21,24523.4,26788.7,2265.2,False,OK
2020-09-22,24916.4,26403.9,1487.6,False,OK
2020-09-23,25957.9,26460.3,502.4,False,OK
2020-09-24,26197.8,26005.9,191.9,False,OK
2020-09-25,26261.8,25201.4,1060.4,False,OK
2020-09-26,25500.8,24259.2,1241.6,False,OK
2020-09-27,26905.1,24898.5,2006.5,False,OK
2020-09-28,30444.0,27217.1,3226.9,True,RETRAINED
2020-09-29,29962.2,26531.8,3430.4,True,RETRAINED
2020-09-30,26270.5,27800.9,1530.4,False,OK
2020-10-01,25983.8,25889.7,94.0,False,OK
2020-10-02,24992.9,25128.4,135.5,False,OK
2020-10-03,22882.5,24241.4,1358.9,False,OK
2020-10-04,23018.0,24901.2,1883.2,False,OK
2020-10-05,25068.6,26323.8,1255.2,False,OK
2020-10-06,25455.9,26282.8,826.9,False,OK
2020-10-07,26413.0,26495.1,82.1,False,OK
2020-10-08,25344.7,26353.5,1008.9,False,OK
2020-10-09,24960.0,25154.9,194.9,False,OK
2020-10-10,24071.3,24329.3,258.0,False,OK
2020-10-11,24345.9,24723.8,377.9,False,OK
2020-10-12,26237.6,26141.2,96.5,False,OK
2020-10-13,25910.5,25950.4,39.9,False,OK
2020-10-14,25433.6,26221.0,787.4,False,OK
2020-10-15,25872.1,25906.7,34.6,False,OK
2020-10-16,25759.3,25278.1,481.2,False,OK
2020-10-17,23270.9,24358.4,1087.6,False,OK
2020-10-18,23644.2,25001.4,1357.2,False,OK
2020-10-19,25602.8,26216.5,613.7,False,OK
2020-10-20,26236.4,26257.3,20.9,False,OK
2020-10-21,27143.4,26538.1,605.3,False,OK
2020-10-22,27546.3,26614.6,931.6,False,OK
2020-10-23,26879.4,26236.4,643.0,False,OK
2020-10-24,24719.8,24939.0,219.3,False,OK
2020-10-25,24022.8,25036.9,1014.2,False,OK
2020-10-26,26213.3,25884.5,328.8,False,OK
2020-10-27,25781.4,26148.1,366.7,False,OK
2020-10-28,26194.2,26478.0,283.8,False,OK
2020-10-29,26760.6,26500.0,260.7,False,OK
2020-10-30,26504.2,25768.0,736.2,False,OK
2020-10-31,25548.7,25316.9,231.8,False,OK
2020-11-01,26636.7,26384.1,252.6,False,OK
2020-11-02,28903.7,27116.3,1787.4,False,OK
2020-11-03,28200.5,29597.3,1396.8,False,OK
2020-11-04,27237.9,28845.2,1607.3,False,OK
2020-11-05,26266.6,27782.8,1516.3,False,OK
2020-11-06,25758.0,26870.7,1112.7,False,OK
2020-11-07,23941.4,25829.6,1888.2,False,OK
2020-11-08,23610.8,25923.9,2313.1,False,OK
2020-11-09,25723.1,26801.5,1078.4,False,OK
2020-11-10,26130.3,26665.1,534.8,False,OK
2020-11-11,27133.4,26714.7,418.6,False,OK
2020-11-12,26732.2,26470.1,262.0,False,OK
2020-11-13,26283.9,25580.7,703.2,False,OK
2020-11-14,25081.7,25073.3,8.5,False,OK
2020-11-15,25158.4,25926.4,768.0,False,OK
2020-11-16,26287.1,26778.9,491.8,False,OK
2020-11-17,28937.1,27587.2,1349.9,False,OK
2020-11-18,30846.0,28789.8,2056.2,False,OK
2020-11-19,30989.3,30375.2,614.0,False,OK
2020-11-20,27729.2,28882.4,1153.2,False,OK
2020-11-21,25037.5,27160.2,2122.6,False,OK
2020-11-22,24954.6,26495.1,1540.5,False,OK
2020-11-23,26837.1,27844.1,1007.0,False,OK
2020-11-24,28849.9,28151.6,698.2,False,OK
2020-11-25,28159.3,29712.4,1553.1,False,OK
2020-11-26,24753.9,28293.1,3539.2,True,RETRAINED
2020-11-27,24489.5,25729.0,1239.6,False,OK
2020-11-28,24690.5,25391.5,701.1,False,OK
2020-11-29,25973.6,25872.1,101.5,False,OK
2020-11-30,27589.2,27454.2,135.1,False,OK
2020-12-01,29274.7,26950.5,2324.3,False,OK
2020-12-02,31435.2,29285.6,2149.6,False,OK
2020-12-03,31023.1,30459.7,563.5,False,OK
2020-12-04,29322.6,29295.5,27.1,False,OK
2020-12-05,28175.4,26931.4,1244.0,False,OK
2020-12-06,29161.8,27400.9,1760.8,False,OK
2020-12-07,33240.3,30143.0,3097.3,True,RETRAINED
2020-12-08,33511.1,32158.4,1352.7,False,OK
2020-12-09,33991.6,33042.9,948.7,False,OK
2020-12-10,31710.8,32329.3,618.5,False,OK
2020-12-11,30024.6,29703.2,321.3,False,OK
2020-12-12,27011.2,28258.4,1247.2,False,OK
2020-12-13,25518.2,27513.4,1995.2,False,OK
2020-12-14,31135.9,28231.9,2903.9,False,OK
2020-12-15,33252.6,29058.0,4194.5,True,RETRAINED
2020-12-16,35960.9,32941.3,3019.5,True,RETRAINED
2020-12-17,34580.8,32117.3,2463.5,False,OK
2020-12-18,34850.3,32896.1,1954.1,False,OK
2020-12-19,34299.5,32015.7,2283.9,False,OK
2020-12-20,32258.5,32051.9,206.6,False,OK
2020-12-21,32094.7,31396.5,698.1,False,OK
2020-12-22,31532.1,31116.9,415.2,False,OK
2020-12-23,32114.7,32525.4,410.6,False,OK
2020-12-24,28291.8,32297.2,4005.4,True,RETRAINED
2020-12-25,29160.4,27934.5,1225.9,False,OK
2020-12-26,34094.1,29823.9,4270.2,True,RETRAINED
2020-12-27,32842.6,34598.7,1756.1,False,OK
2020-12-28,31712.9,33911.5,2198.6,False,OK
2020-12-29,32120.4,31555.7,564.6,False,OK
2020-12-30,32925.0,34875.0,1950.0,False,OK
2020-12-31,29521.5,32762.7,3241.2,True,RETRAINED
2021-01-01,30579.7,29000.4,1579.3,False,OK
2021-01-02,27958.4,29344.0,1385.6,False,OK
2021-01-03,29646.8,28529.1,1117.6,False,OK
2021-01-04,31844.6,31782.2,62.4,False,OK
2021-01-05,32025.7,31889.7,136.0,False,OK
2021-01-06,32628.5,32501.1,127.4,False,OK
2021-01-07,32851.8,33420.3,568.5,False,OK
2021-01-08,33826.6,32559.7,1266.9,False,OK
2021-01-09,31957.8,32515.3,557.5,False,OK
2021-01-10,30577.8,32438.0,1860.2,False,OK
2021-01-11,34524.5,32546.5,1978.0,False,OK
2021-01-12,32866.3,33559.8,693.5,False,OK
2021-01-13,32741.3,34314.2,1572.9,False,OK
2021-01-14,31616.3,33128.0,1511.7,False,OK
2021-01-15,31352.0,31589.1,237.1,False,OK
2021-01-16,29435.3,29917.0,481.7,False,OK
2021-01-17,30006.6,31308.5,1302.0,False,OK
2021-01-18,31269.9,33201.7,1931.8,False,OK
2021-01-19,32192.6,33715.3,1522.7,False,OK
2021-01-20,32389.9,33923.1,1533.1,False,OK
2021-01-21,33053.7,34121.0,1067.4,False,OK
2021-01-22,31229.5,31650.1,420.6,False,OK
2021-01-23,32546.8,30474.3,2072.5,False,OK
2021-01-24,33235.3,32050.4,1184.9,False,OK
2021-01-25,33703.5,32751.1,952.4,False,OK
2021-01-26,33775.4,33082.2,693.3,False,OK
2021-01-27,32561.1,32163.2,397.9,False,OK
2021-01-28,35848.2,33046.9,2801.3,False,OK
2021-01-29,38200.7,35207.5,2993.3,False,OK
2021-01-30,35052.9,34892.3,160.6,False,OK
2021-01-31,35257.9,31999.1,3258.8,True,RETRAINED
2021-02-01,36558.5,29983.0,6575.5,True,RETRAINED
2021-02-02,35600.8,33255.6,2345.2,False,OK
2021-02-03,35131.6,33954.4,1177.2,False,OK
2021-02-04,33682.9,33738.2,55.3,False,OK
2021-02-05,31310.2,32876.0,1565.8,False,OK
2021-02-06,30119.3,29060.1,1059.1,False,OK
2021-02-07,31911.4,29569.3,2342.1,False,OK
2021-02-08,35244.6,30110.4,5134.2,True,RETRAINED
2021-02-09,33729.3,33848.4,119.0,False,OK
2021-02-10,33637.8,32134.8,1503.0,False,OK
2021-02-11,35270.3,32650.4,2619.9,False,OK
2021-02-12,36980.3,32165.1,4815.3,True,RETRAINED
2021-02-13,35237.9,33851.9,1386.0,False,OK
2021-02-14,33703.6,32941.8,761.8,False,OK
2021-02-15,33967.6,31891.2,2076.4,False,OK
2021-02-16,31895.5,33643.8,1748.3,False,OK
2021-02-17,34898.2,33493.2,1405.1,False,OK
2021-02-18,37008.5,35305.8,1702.7,False,OK
2021-02-19,36349.4,34111.7,2237.6,False,OK
2021-02-20,34717.3,32632.8,2084.4,False,OK
2021-02-21,34051.3,34287.1,235.9,False,OK
2021-02-22,35541.1,33641.4,1899.7,False,OK
2021-02-23,31976.5,34061.1,2084.6,False,OK
2021-02-24,29601.7,33060.7,3459.0,True,RETRAINED
2021-02-25,28407.4,31455.9,3048.5,True,RETRAINED
2021-02-26,30704.8,31377.2,672.3,False,OK
2021-02-27,28583.0,30300.6,1717.6,False,OK
2021-02-28,28113.3,27786.5,326.8,False,OK
2021-03-01,29821.1,28875.9,945.2,False,OK
2021-03-02,32496.0,29302.3,3193.7,True,RETRAINED
2021-03-03,30729.3,33756.1,3026.7,True,RETRAINED
2021-03-04,29985.5,32331.1,2345.7,False,OK
2021-03-05,32631.5,31237.1,1394.4,False,OK
2021-03-06,30755.1,31587.5,832.5,False,OK
2021-03-07,29976.3,30604.9,628.5,False,OK
2021-03-08,31497.1,29798.4,1698.7,False,OK
2021-03-09,28498.9,30514.3,2015.4,False,OK
2021-03-10,26824.4,28793.0,1968.6,False,OK
2021-03-11,26035.1,27857.2,1822.2,False,OK
2021-03-12,25094.0,27128.5,2034.5,False,OK
2021-03-13,24699.0,26411.6,1712.6,False,OK
2021-03-14,25281.7,26729.8,1448.1,False,OK
2021-03-15,29657.2,26998.6,2658.6,False,OK
2021-03-16,31605.9,29401.8,2204.1,False,OK
2021-03-17,29667.8,28409.8,1258.0,False,OK
2021-03-18,28841.1,27522.6,1318.4,False,OK
2021-03-19,29224.2,26497.7,2726.5,False,OK
2021-03-20,27625.7,27020.6,605.0,False,OK
2021-03-21,25863.5,27215.3,1351.8,False,OK
2021-03-22,26879.0,27146.1,267.1,False,OK
2021-03-23,26441.7,27705.9,1264.2,False,OK
2021-03-24,26710.4,27091.7,381.2,False,OK
2021-03-25,26114.0,26103.9,10.1,False,OK
2021-03-26,26070.2,25516.1,554.2,False,OK
2021-03-27,23181.8,25283.4,2101.6,False,OK
2021-03-28,24012.6,25279.9,1267.3,False,OK
2021-03-29,25718.3,26119.8,401.5,False,OK
2021-03-30,26124.4,28101.6,1977.2,False,OK
2021-03-31,26164.5,27352.4,1187.8,False,OK
2021-04-01,27439.0,26343.5,1095.5,False,OK
2021-04-02,29992.7,25843.0,4149.6,True,RETRAINED
2021-04-03,27195.5,26329.4,866.1,False,OK
2021-04-04,24290.7,24798.0,507.3,False,OK
2021-04-05,25077.6,24403.6,674.1,False,OK
2021-04-06,25121.7,25197.0,75.3,False,OK
2021-04-07,25496.8,25752.8,255.9,False,OK
2021-04-08,24828.5,26098.6,1270.1,False,OK
2021-04-09,25110.2,25185.7,75.5,False,OK
2021-04-10,23654.8,24859.3,1204.5,False,OK
2021-04-11,24174.2,24250.3,76.1,False,OK
2021-04-12,25735.7,25869.8,134.2,False,OK
2021-04-13,25274.1,25562.5,288.3,False,OK
2021-04-14,25461.7,25962.0,500.4,False,OK
2021-04-15,25495.4,25921.7,426.3,False,OK
2021-04-16,25836.6,24789.1,1047.6,False,OK
2021-04-17,24114.7,24439.3,324.7,False,OK
2021-04-18,23131.6,23581.0,449.4,False,OK
2021-04-19,25235.2,24527.6,707.6,False,OK
2021-04-20,25365.5,24817.7,547.7,False,OK
2021-04-21,25107.9,25161.1,53.3,False,OK
2021-04-22,27447.5,25395.2,2052.3,False,OK
2021-04-23,26369.2,25725.7,643.5,False,OK
2021-04-24,24087.6,24272.6,185.0,False,OK
2021-04-25,23344.7,23319.8,24.9,False,OK
2021-04-26,24915.5,24284.0,631.5,False,OK
2021-04-27,25970.6,24730.2,1240.5,False,OK
2021-04-28,28379.6,25063.6,3316.0,True,RETRAINED
2021-04-29,29768.8,30154.3,385.5,False,OK
2021-04-30,25983.3,29555.1,3571.7,True,RETRAINED
2021-05-01,22765.5,23863.4,1097.9,False,OK
2021-05-02,24319.1,23934.1,385.0,False,OK
2021-05-03,27081.2,25173.3,1907.9,False,OK
2021-05-04,29057.1,27498.9,1558.3,False,OK
2021-05-05,27936.4,31739.2,3802.8,True,RETRAINED
2021-05-06,24725.2,28588.6,3863.4,True,RETRAINED
2021-05-07,24827.5,26299.5,1472.0,False,OK
2021-05-08,23495.3,25873.4,2378.1,False,OK
2021-05-09,23354.5,25515.8,2161.3,False,OK
2021-05-10,25288.2,26071.9,783.7,False,OK
2021-05-11,25126.2,26302.2,1176.0,False,OK
2021-05-12,25153.3,26543.1,1389.8,False,OK
2021-05-13,25265.4,26169.1,903.7,False,OK
2021-05-14,25205.1,25362.2,157.1,False,OK
2021-05-15,23718.2,24381.4,663.2,False,OK
2021-05-16,23249.3,23922.8,673.6,False,OK
2021-05-17,25889.9,24609.5,1280.4,False,OK
2021-05-18,26987.1,25144.1,1842.9,False,OK
2021-05-19,29529.0,25800.0,3729.0,True,RETRAINED
2021-05-20,29689.4,27054.3,2635.1,False,OK
2021-05-21,28646.7,27544.4,1102.3,False,OK
2021-05-22,29969.6,25665.9,4303.7,True,RETRAINED
2021-05-23,33552.1,29467.9,4084.2,True,RETRAINED
2021-05-24,29080.1,34177.0,5097.0,True,RETRAINED
2021-05-25,28467.1,29514.0,1046.9,False,OK
2021-05-26,34253.1,29964.4,4288.8,True,RETRAINED
2021-05-27,33475.4,30955.3,2520.1,False,OK
2021-05-28,28935.9,31670.9,2735.0,False,OK
2021-05-29,24597.4,32031.9,7434.6,True,RETRAINED
2021-05-30,23675.7,27413.6,3737.9,True,RETRAINED
2021-05-31,23613.0,27956.2,4343.2,True,RETRAINED
2021-06-01,26728.8,28410.5,1681.7,False,OK
2021-06-02,28670.4,28642.5,27.9,False,OK
2021-06-03,30237.1,29444.0,793.1,False,OK
2021-06-04,31520.2,31272.2,248.0,False,OK
2021-06-05,33179.5,30235.8,2943.7,False,OK
2021-06-06,36525.9,31786.4,4739.5,True,RETRAINED
2021-06-07,40771.4,35197.6,5573.8,True,RETRAINED
2021-06-08,40036.4,38148.8,1887.7,False,OK
2021-06-09,38538.1,38140.7,397.4,False,OK
2021-06-10,35771.5,37041.9,1270.4,False,OK
2021-06-11,30011.2,34329.8,4318.5,True,RETRAINED
2021-06-12,27401.6,29256.9,1855.3,False,OK
2021-06-13,28240.6,29424.4,1183.8,False,OK
2021-06-14,33249.0,34151.2,902.3,False,OK
2021-06-15,32663.6,36107.5,3443.9,True,RETRAINED
2021-06-16,30355.5,33201.9,2846.4,False,OK
2021-06-17,29098.8,32378.0,3279.2,True,RETRAINED
2021-06-18,30990.7,29826.1,1164.6,False,OK
2021-06-19,33265.3,30905.8,2359.5,False,OK
2021-06-20,34758.3,35822.0,1063.6,False,OK
2021-06-21,39906.5,38065.6,1840.9,False,OK
2021-06-22,32443.1,38877.9,6434.7,True,RETRAINED
2021-06-23,27946.0,33211.6,5265.6,True,RETRAINED
2021-06-24,28718.0,30108.1,1390.2,False,OK
2021-06-25,30625.0,29381.8,1243.2,False,OK
2021-06-26,33846.4,29447.3,4399.1,True,RETRAINED
2021-06-27,37069.1,33869.8,3199.3,True,RETRAINED
2021-06-28,42356.2,38917.9,3438.3,True,RETRAINED
2021-06-29,44270.0,40033.7,4236.4,True,RETRAINED
2021-06-30,45219.8,40175.5,5044.3,True,RETRAINED
2021-07-01,39180.4,39819.6,639.2,False,OK
2021-07-02,33255.6,36606.1,3350.5,True,RETRAINED
2021-07-03,27743.4,30757.1,3013.7,True,RETRAINED
2021-07-04,28767.0,29271.4,504.4,False,OK
2021-07-05,34139.9,32887.0,1252.9,False,OK
2021-07-06,40354.1,36052.3,4301.8,True,RETRAINED
2021-07-07,42454.1,38787.4,3666.7,True,RETRAINED
2021-07-08,39192.7,38906.5,286.1,False,OK
2021-07-09,37836.5,35895.5,1941.0,False,OK
2021-07-10,34282.1,34995.8,713.7,False,OK
2021-07-11,35577.2,34007.7,1569.4,False,OK
2021-07-12,41243.3,38832.0,2411.3,False,OK
2021-07-13,40065.5,40479.6,414.1,False,OK
2021-07-14,40645.8,40103.8,542.0,False,OK
2021-07-15,41590.6,38032.4,3558.2,True,RETRAINED
2021-07-16,43514.5,37459.6,6054.9,True,RETRAINED
2021-07-17,40958.8,38015.1,2943.7,False,OK
2021-07-18,35042.4,39171.2,4128.8,True,RETRAINED
2021-07-19,36247.2,38362.9,2115.6,False,OK
2021-07-20,38445.8,37567.6,878.3,False,OK
2021-07-21,37908.1,38930.2,1022.2,False,OK
2021-07-22,33978.0,38078.6,4100.7,True,RETRAINED
2021-07-23,33390.9,32976.4,414.5,False,OK
2021-07-24,32660.8,32206.6,454.2,False,OK
2021-07-25,35462.4,35748.3,285.9,False,OK
2021-07-26,40113.6,39219.2,894.3,False,OK
2021-07-27,40044.7,39698.4,346.3,False,OK
2021-07-28,38619.5,40025.6,1406.1,False,OK
2021-07-29,36886.0,38390.8,1504.8,False,OK
2021-07-30,37625.3,37678.4,53.1,False,OK
2021-07-31,30533.7,35489.5,4955.8,True,RETRAINED
2021-08-01,29864.8,30964.2,1099.4,False,OK
2021-08-02,31818.2,35681.1,3862.9,True,RETRAINED
2021-08-03,30913.3,33686.7,2773.4,False,OK
2021-08-04,31017.7,33467.4,2449.8,False,OK
2021-08-05,33299.6,32488.4,811.3,False,OK
2021-08-06,36403.1,32193.2,4209.9,True,RETRAINED
2021-08-07,32709.1,33369.9,660.7,False,OK
2021-08-08,32026.7,31214.3,812.4,False,OK
2021-08-09,37436.5,34742.9,2693.6,False,OK
2021-08-10,39565.2,37426.1,2139.2,False,OK
2021-08-11,41393.2,38013.0,3380.1,True,RETRAINED
2021-08-12,43714.2,37123.6,6590.6,True,RETRAINED
2021-08-13,44168.9,35881.4,8287.5,True,RETRAINED
2021-08-14,39761.6,36810.1,2951.5,False,OK
2021-08-15,33836.3,35696.5,1860.1,False,OK
2021-08-16,35804.3,35396.3,408.1,False,OK
2021-08-17,37608.1,35629.1,1979.1,False,OK
2021-08-18,40188.9,37007.5,3181.3,True,RETRAINED
2021-08-19,41228.9,37467.3,3761.6,True,RETRAINED
2021-08-20,37002.7,35782.8,1219.9,False,OK
2021-08-21,34899.5,33423.2,1476.3,False,OK
2021-08-22,33577.1,34663.5,1086.3,False,OK
2021-08-23,38508.8,36321.5,2187.3,False,OK
2021-08-24,41025.0,37967.5,3057.5,True,RETRAINED
2021-08-25,41723.7,38717.1,3006.6,True,RETRAINED
2021-08-26,42708.5,39276.2,3432.3,True,RETRAINED
2021-08-27,42318.0,38050.1,4267.9,True,RETRAINED
2021-08-28,36303.6,36233.3,70.3,False,OK
2021-08-29,33336.0,36514.6,3178.6,True,RETRAINED
2021-08-30,39422.5,37464.8,1957.7,False,OK
2021-08-31,38077.4,38639.2,561.7,False,OK
2021-09-01,35439.4,37585.3,2145.9,False,OK
2021-09-02,30188.0,35434.0,5245.9,True,RETRAINED
2021-09-03,28669.8,29530.3,860.5,False,OK
2021-09-04,27761.1,27726.0,35.0,False,OK
2021-09-05,28623.9,29644.1,1020.2,False,OK
2021-09-06,31578.7,34520.6,2941.9,False,OK
2021-09-07,32634.1,34254.6,1620.6,False,OK
2021-09-08,35577.9,33394.0,2183.8,False,OK
2021-09-09,32304.8,35677.3,3372.5,True,RETRAINED
2021-09-10,28909.9,32188.4,3278.5,True,RETRAINED
2021-09-11,27192.0,26538.6,653.4,False,OK
2021-09-12,30430.3,25705.6,4724.7,True,RETRAINED
2021-09-13,36766.5,29457.5,7309.0,True,RETRAINED
2021-09-14,37105.7,34030.5,3075.2,True,RETRAINED
2021-09-15,38220.7,34987.0,3233.7,True,RETRAINED
2021-09-16,35162.3,33949.3,1213.0,False,OK
2021-09-17,34017.3,30857.5,3159.8,True,RETRAINED
2021-09-18,33399.2,33450.3,51.1,False,OK
2021-09-19,30773.7,33675.3,2901.5,False,OK
2021-09-20,30594.9,33778.4,3183.5,True,RETRAINED
2021-09-21,31348.4,29700.2,1648.3,False,OK
2021-09-22,34481.0,30121.3,4359.6,True,RETRAINED
2021-09-23,32428.3,29171.4,3256.8,True,RETRAINED
2021-09-24,27616.9,28253.5,636.7,False,OK
2021-09-25,25483.3,25919.4,436.2,False,OK
2021-09-26,24999.2,25904.6,905.4,False,OK
2021-09-27,28070.6,26463.8,1606.8,False,OK
2021-09-28,29636.9,28773.3,863.6,False,OK
2021-09-29,27467.7,30405.6,2937.9,False,OK
2021-09-30,26774.7,27978.4,1203.7,False,OK
2021-10-01,25976.4,25965.2,11.2,False,OK
2021-10-02,25336.5,24930.8,405.8,False,OK
2021-10-03,27678.8,25003.2,2675.6,False,OK
2021-10-04,31758.4,26665.9,5092.5,True,RETRAINED
2021-10-05,30530.3,29546.5,983.8,False,OK
2021-10-06,29538.7,28981.8,556.8,False,OK
2021-10-07,29231.3,27298.2,1933.1,False,OK
2021-10-08,29079.1,25498.4,3580.7,True,RETRAINED
2021-10-09,26332.2,24945.5,1386.7,False,OK
2021-10-10,26133.5,25052.9,1080.6,False,OK
2021-10-11,27503.8,27765.8,262.0,False,OK
2021-10-12,27987.8,27019.4,968.3,False,OK
2021-10-13,28561.6,27024.6,1537.0,False,OK
2021-10-14,28896.1,26861.5,2034.5,False,OK
2021-10-15,29621.2,25977.7,3643.5,True,RETRAINED
2021-10-16,27350.7,25426.2,1924.5,False,OK
2021-10-17,23399.4,25446.2,2046.8,False,OK
2021-10-18,25556.8,25638.7,81.9,False,OK
2021-10-19,26008.9,25907.4,101.4,False,OK
2021-10-20,26349.2,25896.0,453.2,False,OK
2021-10-21,26535.8,25591.2,944.6,False,OK
2021-10-22,26143.4,25032.0,1111.4,False,OK
2021-10-23,23987.8,24549.2,561.4,False,OK
2021-10-24,23925.9,25068.9,1142.9,False,OK
2021-10-25,27028.8,26239.9,788.9,False,OK
2021-10-26,26366.4,26897.0,530.6,False,OK
2021-10-27,26258.3,26387.2,128.9,False,OK
2021-10-28,25998.9,25880.8,118.1,False,OK
2021-10-29,26489.4,25265.4,1224.0,False,OK
2021-10-30,24303.4,24855.4,552.0,False,OK
2021-10-31,23769.8,25409.1,1639.3,False,OK
2021-11-01,25712.1,26550.7,838.6,False,OK
2021-11-02,27420.9,26680.2,740.8,False,OK
2021-11-03,28266.7,27335.1,931.6,False,OK
2021-11-04,29142.0,27866.3,1275.7,False,OK
2021-11-05,29487.2,27463.4,2023.8,False,OK
2021-11-06,27828.2,26928.7,899.5,False,OK
2021-11-07,27609.5,27699.9,90.4,False,OK
2021-11-08,27759.6,28961.2,1201.5,False,OK
2021-11-09,27323.5,28325.5,1002.0,False,OK
2021-11-10,26603.2,27797.2,1194.0,False,OK
2021-11-11,26865.3,27121.6,256.3,False,OK
2021-11-12,26455.1,26224.9,230.2,False,OK
2021-11-13,26175.1,25530.9,644.2,False,OK
2021-11-14,27820.0,26899.0,921.1,False,OK
2021-11-15,29920.5,29398.8,521.7,False,OK
2021-11-16,29994.0,30243.6,249.6,False,OK
2021-11-17,29054.2,30268.3,1214.2,False,OK
2021-11-18,27196.8,27838.1,641.4,False,OK
2021-11-19,28780.6,26308.6,2472.0,False,OK
2021-11-20,29446.5,28169.4,1277.1,False,OK
2021-11-21,27961.4,28580.8,619.4,False,OK
2021-11-22,29365.2,28920.8,444.4,False,OK
2021-11-23,32429.7,29640.4,2789.3,False,OK
2021-11-24,32478.0,32937.1,459.1,False,OK
2021-11-25,28546.7,31657.0,3110.3,True,RETRAINED
2021-11-26,28336.5,28921.0,584.5,False,OK
2021-11-27,30428.3,28755.0,1673.3,False,OK
2021-11-28,28810.3,30579.5,1769.2,False,OK
2021-11-29,31807.4,29840.9,1966.4,False,OK
2021-11-30,32919.3,32590.5,328.8,False,OK
2021-12-01,30901.1,31862.6,961.5,False,OK
2021-12-02,28984.8,30301.2,1316.4,False,OK
2021-12-03,28601.6,28002.4,599.2,False,OK
2021-12-04,28081.3,28271.5,190.2,False,OK
2021-12-05,28454.5,28531.9,77.4,False,OK
2021-12-06,28665.4,31108.3,2442.9,False,OK
2021-12-07,31420.3,29438.3,1982.0,False,OK
2021-12-08,33266.8,32672.4,594.5,False,OK
2021-12-09,34037.6,32124.5,1913.0,False,OK
2021-12-10,31581.7,31859.4,277.8,False,OK
2021-12-11,27105.1,29061.8,1956.7,False,OK
2021-12-12,27928.0,27609.0,319.1,False,OK
2021-12-13,31930.3,31992.2,61.9,False,OK
2021-12-14,31323.7,32703.9,1380.2,False,OK
2021-12-15,30841.0,31728.2,887.2,False,OK
2021-12-16,28624.6,29555.6,930.9,False,OK
2021-12-17,27516.1,28394.7,878.6,False,OK
2021-12-18,27494.9,27660.7,165.8,False,OK
2021-12-19,29130.4,28333.6,796.8,False,OK
2021-12-20,34377.2,30575.1,3802.1,True,RETRAINED
2021-12-21,34618.2,34247.7,370.5,False,OK
2021-12-22,31962.2,34074.8,2112.6,False,OK
2021-12-23,33641.5,32559.7,1081.8,False,OK
2021-12-24,29961.0,32902.8,2941.7,False,OK
2021-12-25,26421.2,29290.2,2869.0,False,OK
2021-12-26,25473.9,28172.1,2698.2,False,OK
2021-12-27,30813.0,29962.9,850.1,False,OK
2021-12-28,29710.1,32540.5,2830.4,False,OK
2021-12-29,28602.2,31469.2,2867.0,False,OK
2021-12-30,28189.3,29527.6,1338.3,False,OK
2021-12-31,26986.7,28938.3,1951.6,False,OK
2022-01-01,25501.3,28637.5,3136.3,True,RETRAINED
2022-01-02,25535.8,28306.2,2770.4,False,OK
2022-01-03,33636.9,29273.9,4363.0,True,RETRAINED
2022-01-04,36050.0,32248.7,3801.3,True,RETRAINED
2022-01-05,34664.1,34198.4,465.7,False,OK
2022-01-06,32803.0,33448.9,645.9,False,OK
2022-01-07,35948.9,32993.2,2955.7,False,OK
2022-01-08,36366.7,33623.8,2743.0,False,OK
2022-01-09,33125.3,34262.4,1137.1,False,OK
2022-01-10,34640.9,32235.5,2405.4,False,OK
2022-01-11,39074.7,33265.8,5808.9,True,RETRAINED
2022-01-12,36951.1,35123.7,1827.5,False,OK
2022-01-13,33817.9,33909.8,91.9,False,OK
2022-01-14,32948.7,32673.2,275.5,False,OK
2022-01-15,37144.2,32165.2,4979.0,True,RETRAINED
2022-01-16,39036.8,35054.9,3981.9,True,RETRAINED
2022-01-17,35439.4,34883.5,555.9,False,OK
2022-01-18,35967.5,33696.0,2271.5,False,OK
2022-01-19,34126.5,34452.6,326.1,False,OK
2022-01-20,34677.2,33531.3,1145.9,False,OK
2022-01-21,40782.2,33274.8,7507.3,True,RETRAINED
2022-01-22,38547.3,37134.0,1413.3,False,OK
2022-01-23,35772.3,36694.1,921.7,False,OK
2022-01-24,35354.3,36107.2,752.9,False,OK
2022-01-25,34352.5,34364.7,12.1,False,OK
2022-01-26,37673.1,33730.1,3943.0,True,RETRAINED
2022-01-27,38720.9,35288.3,3432.6,True,RETRAINED
2022-01-28,36536.0,35800.2,735.7,False,OK
2022-01-29,38939.0,35009.5,3929.6,True,RETRAINED
2022-01-30,39339.8,35979.1,3360.7,True,RETRAINED
2022-01-31,38129.4,36321.9,1807.5,False,OK
2022-02-01,36722.9,35931.9,791.0,False,OK
2022-02-02,34971.3,35766.8,795.5,False,OK
2022-02-03,31697.1,34795.9,3098.7,True,RETRAINED
2022-02-04,30858.7,32419.9,1561.2,False,OK
2022-02-05,34344.3,31585.1,2759.2,False,OK
2022-02-06,35502.3,34832.5,669.8,False,OK
2022-02-07,35598.3,35891.7,293.4,False,OK
2022-02-08,33897.5,34220.9,323.4,False,OK
2022-02-09,33192.2,33901.8,709.6,False,OK
2022-02-10,30709.3,32905.0,2195.7,False,OK
2022-02-11,29762.5,31196.8,1434.3,False,OK
2022-02-12,26581.9,30013.9,3432.0,True,RETRAINED
2022-02-13,31996.9,28920.2,3076.7,True,RETRAINED
2022-02-14,37514.9,32804.5,4710.4,True,RETRAINED
2022-02-15,37666.7,35764.4,1902.3,False,OK
2022-02-16,33651.9,35911.3,2259.4,False,OK
2022-02-17,28615.9,33529.4,4913.5,True,RETRAINED
2022-02-18,28399.5,29718.5,1319.0,False,OK
2022-02-19,32247.8,29184.6,3063.2,True,RETRAINED
2022-02-20,32697.8,31279.6,1418.3,False,OK
2022-02-21,30385.5,33131.8,2746.3,False,OK
2022-02-22,28803.5,31659.5,2856.0,False,OK
2022-02-23,27034.6,30269.5,3234.9,True,RETRAINED
2022-02-24,32506.0,28888.8,3617.1,True,RETRAINED
2022-02-25,32330.1,30707.5,1622.6,False,OK
2022-02-26,31242.2,30876.6,365.6,False,OK
2022-02-27,30026.6,32697.0,2670.4,False,OK
2022-02-28,31588.6,33181.0,1592.4,False,OK
2022-03-01,31607.5,32430.4,822.9,False,OK
2022-03-02,28474.4,31538.4,3064.0,True,RETRAINED
2022-03-03,28843.2,29476.4,633.2,False,OK
2022-03-04,31835.9,28542.0,3293.8,True,RETRAINED
2022-03-05,28710.0,29759.8,1049.8,False,OK
2022-03-06,25837.4,27714.7,1877.3,False,OK
2022-03-07,26741.7,27552.0,810.3,False,OK
2022-03-08,27261.1,28275.2,1014.1,False,OK
2022-03-09,31159.6,28009.1,3150.5,True,RETRAINED
2022-03-10,30760.6,29109.8,1650.8,False,OK
2022-03-11,28942.8,29252.9,310.1,False,OK
2022-03-12,32158.2,28012.1,4146.1,True,RETRAINED
2022-03-13,33571.8,29578.5,3993.3,True,RETRAINED
2022-03-14,30412.6,31194.6,782.0,False,OK
2022-03-15,27934.7,30498.2,2563.6,False,OK
2022-03-16,26636.1,28786.0,2149.9,False,OK
2022-03-17,27303.8,27559.6,255.8,False,OK
2022-03-18,26348.3,26699.0,350.8,False,OK
2022-03-19,24487.8,25869.9,1382.1,False,OK
2022-03-20,24141.4,25488.2,1346.8,False,OK
2022-03-21,26505.4,25808.8,696.6,False,OK
2022-03-22,26274.3,27155.9,881.7,False,OK
2022-03-23,27781.7,27735.4,46.2,False,OK
2022-03-24,28076.2,27318.6,757.6,False,OK
2022-03-25,26572.4,26944.3,372.0,False,OK
2022-03-26,25907.0,25376.6,530.5,False,OK
2022-03-27,28441.7,25496.7,2945.0,False,OK
2022-03-28,33244.5,27091.4,6153.1,True,RETRAINED
2022-03-29,33352.3,29660.0,3692.2,True,RETRAINED
2022-03-30,30632.2,29986.8,645.4,False,OK
2022-03-31,27675.5,28458.6,783.1,False,OK
2022-04-01,26360.3,26383.6,23.3,False,OK
2022-04-02,25799.6,24951.4,848.2,False,OK
2022-04-03,25726.6,24763.2,963.4,False,OK
2022-04-04,27942.2,25520.4,2421.8,False,OK
2022-04-05,27849.3,27689.8,159.5,False,OK
2022-04-06,27498.4,27539.6,41.2,False,OK
2022-04-07,28289.4,27178.1,1111.4,False,OK
2022-04-08,26515.3,26165.6,349.7,False,OK
2022-04-09,25523.2,25396.3,126.8,False,OK
2022-04-10,26284.7,25370.8,913.9,False,OK
2022-04-11,27299.6,26801.8,497.8,False,OK
2022-04-12,26547.7,27619.8,1072.0,False,OK
2022-04-13,27383.9,27295.7,88.2,False,OK
2022-04-14,28392.2,28332.9,59.3,False,OK
2022-04-15,24547.7,27035.9,2488.2,False,OK
2022-04-16,23939.5,25092.7,1153.2,False,OK
2022-04-17,22954.5,25462.5,2507.9,False,OK
2022-04-18,28583.0,25804.2,2778.8,False,OK
2022-04-19,28821.9,28122.7,699.1,False,OK
2022-04-20,27501.0,28504.8,1003.8,False,OK
2022-04-21,26736.6,27878.0,1141.5,False,OK
2022-04-22,25819.5,26407.6,588.1,False,OK
2022-04-23,24464.3,25358.2,893.9,False,OK
2022-04-24,24882.6,24377.4,505.1,False,OK
2022-04-25,26991.8,26571.5,420.3,False,OK
2022-04-26,26838.2,27006.2,168.1,False,OK
2022-04-27,25743.4,28001.3,2257.9,False,OK
2022-04-28,26639.2,25946.1,693.2,False,OK
2022-04-29,26278.3,26316.5,38.3,False,OK
2022-04-30,24145.1,25519.8,1374.7,False,OK
2022-05-01,23951.6,25028.3,1076.6,False,OK
2022-05-02,25680.0,26375.4,695.4,False,OK
2022-05-03,26431.4,27987.9,1556.4,False,OK
2022-05-04,27509.6,27673.1,163.4,False,OK
2022-05-05,26492.8,27643.7,1150.9,False,OK
2022-05-06,26579.0,25137.1,1441.8,False,OK
2022-05-07,25728.5,25346.6,381.9,False,OK
2022-05-08,25515.1,23557.8,1957.3,False,OK
2022-05-09,26339.2,24768.5,1570.7,False,OK
2022-05-10,26207.4,26196.9,10.6,False,OK
2022-05-11,26430.9,26575.6,144.7,False,OK
2022-05-12,27107.6,26732.4,375.2,False,OK
2022-05-13,27613.0,27237.5,375.5,False,OK
2022-05-14,26269.6,26818.8,549.2,False,OK
2022-05-15,27327.3,25251.9,2075.4,False,OK
2022-05-16,29966.4,30413.0,446.6,False,OK
2022-05-17,28214.9,29432.8,1218.0,False,OK
2022-05-18,27131.9,28380.9,1248.9,False,OK
2022-05-19,29389.7,27647.4,1742.2,False,OK
2022-05-20,32151.7,32231.8,80.2,False,OK
2022-05-21,35531.7,34582.7,948.9,False,OK
2022-05-22,35765.1,36296.7,531.6,False,OK
2022-05-23,29928.6,37259.4,7330.7,True,RETRAINED
2022-05-24,27293.4,27716.5,423.1,False,OK
2022-05-25,26866.6,29197.8,2331.2,False,OK
2022-05-26,27554.4,27394.8,159.6,False,OK
2022-05-27,29687.8,27569.4,2118.4,False,OK
2022-05-28,27892.7,29320.3,1427.6,False,OK
2022-05-29,28077.4,28776.3,698.8,False,OK
2022-05-30,32849.0,32757.1,91.8,False,OK
2022-05-31,39589.7,37309.1,2280.6,False,OK
2022-06-01,37158.7,40152.5,2993.8,False,OK
2022-06-02,35963.7,40473.4,4509.7,True,RETRAINED
2022-06-03,32315.7,31937.2,378.5,False,OK
2022-06-04,29555.9,28389.9,1166.0,False,OK
2022-06-05,27840.7,29457.1,1616.4,False,OK
2022-06-06,30314.6,29981.8,332.8,False,OK
2022-06-07,31438.8,29669.2,1769.6,False,OK
2022-06-08,35642.2,31666.5,3975.7,True,RETRAINED
2022-06-09,34986.4,37129.3,2143.0,False,OK
2022-06-10,30960.0,33585.3,2625.3,False,OK
2022-06-11,28373.6,29785.4,1411.8,False,OK
2022-06-12,29235.6,32480.4,3244.8,True,RETRAINED
2022-06-13,37941.1,34524.1,3417.0,True,RETRAINED
2022-06-14,35878.2,39579.4,3701.2,True,RETRAINED
2022-06-15,36040.8,36122.9,82.1,False,OK
2022-06-16,34715.7,37088.8,2373.1,False,OK
2022-06-17,39266.7,35003.8,4262.8,True,RETRAINED
2022-06-18,29365.4,38293.0,8927.6,True,RETRAINED
2022-06-19,25385.8,27323.1,1937.3,False,OK
2022-06-20,28588.6,29018.3,429.7,False,OK
2022-06-21,31270.5,30253.6,1016.9,False,OK
2022-06-22,32397.8,31896.1,501.7,False,OK
2022-06-23,30133.6,33685.8,3552.2,True,RETRAINED
2022-06-24,32274.9,30056.0,2218.9,False,OK
2022-06-25,34465.1,31112.2,3352.9,True,RETRAINED
2022-06-26,35404.1,34785.9,618.2,False,OK
2022-06-27,35449.9,37924.9,2475.0,False,OK
2022-06-28,31943.8,34598.8,2655.0,False,OK
2022-06-29,34052.7,31083.9,2968.7,False,OK
2022-06-30,37351.0,33684.9,3666.1,True,RETRAINED
2022-07-01,39910.4,36625.8,3284.6,True,RETRAINED
2022-07-02,38661.6,36230.1,2431.5,False,OK
2022-07-03,34954.0,35464.3,510.3,False,OK
2022-07-04,33269.0,36128.4,2859.4,False,OK
2022-07-05,36660.5,34026.5,2634.0,False,OK
2022-07-06,40017.9,36112.3,3905.5,True,RETRAINED
2022-07-07,37464.7,40029.9,2565.2,False,OK
2022-07-08,37420.1,35381.6,2038.5,False,OK
2022-07-09,32921.9,35879.6,2957.7,False,OK
2022-07-10,30775.2,32088.7,1313.5,False,OK
2022-07-11,34049.4,34724.8,675.4,False,OK
2022-07-12,38265.4,34720.8,3544.6,True,RETRAINED
2022-07-13,39871.3,37776.7,2094.5,False,OK
2022-07-14,39552.4,38801.6,750.8,False,OK
2022-07-15,37498.3,35183.3,2315.0,False,OK
2022-07-16,35384.3,32981.7,2402.5,False,OK
2022-07-17,35959.5,32501.6,3457.9,True,RETRAINED
2022-07-18,40970.8,37930.3,3040.5,True,RETRAINED
2022-07-19,41483.6,39676.8,1806.9,False,OK
2022-07-20,43789.8,39441.2,4348.6,True,RETRAINED
2022-07-21,45162.1,40424.6,4737.6,True,RETRAINED
2022-07-22,43788.3,41284.7,2503.6,False,OK
2022-07-23,42763.8,39696.2,3067.6,True,RETRAINED
2022-07-24,42824.9,38040.6,4784.4,True,RETRAINED
2022-07-25,44191.7,40478.0,3713.8,True,RETRAINED
2022-07-26,37316.1,40826.4,3510.3,True,RETRAINED
2022-07-27,38930.6,35823.4,3107.2,True,RETRAINED
2022-07-28,42406.9,37273.4,5133.5,True,RETRAINED
2022-07-29,39118.6,39574.8,456.2,False,OK
2022-07-30,36478.3,34310.2,2168.2,False,OK
2022-07-31,34311.8,36752.7,2440.9,False,OK
2022-08-01,36371.1,37912.3,1541.2,False,OK
2022-08-02,40688.5,38440.8,2247.7,False,OK
2022-08-03,41074.5,39790.1,1284.4,False,OK
2022-08-04,43482.8,39871.1,3611.7,True,RETRAINED
2022-08-05,41002.1,40025.8,976.2,False,OK
2022-08-06,39116.9,36272.0,2844.9,False,OK
2022-08-07,41078.9,35210.8,5868.1,True,RETRAINED
2022-08-08,45235.2,40549.9,4685.3,True,RETRAINED
2022-08-09,46823.0,41691.0,5132.0,True,RETRAINED
2022-08-10,42677.7,42694.7,16.9,False,OK
2022-08-11,39470.8,39602.0,131.2,False,OK
2022-08-12,35628.7,37104.8,1476.1,False,OK
2022-08-13,30476.1,33551.7,3075.6,True,RETRAINED
2022-08-14,30811.3,31430.2,618.9,False,OK
2022-08-15,32366.1,34899.6,2533.4,False,OK
2022-08-16,32983.7,33626.1,642.3,False,OK
2022-08-17,32892.7,33944.3,1051.5,False,OK
2022-08-18,34052.3,32395.7,1656.7,False,OK
2022-08-19,36361.1,32553.7,3807.5,True,RETRAINED
2022-08-20,36487.7,33896.3,2591.4,False,OK
2022-08-21,34076.8,36228.3,2151.5,False,OK
2022-08-22,36890.9,38256.1,1365.2,False,OK
2022-08-23,37240.2,36004.0,1236.2,False,OK
2022-08-24,37576.1,36646.8,929.3,False,OK
2022-08-25,38238.5,36007.2,2231.4,False,OK
2022-08-26,39746.0,36087.0,3659.0,True,RETRAINED
2022-08-27,37624.4,36478.5,1145.9,False,OK
2022-08-28,37013.4,36923.8,89.6,False,OK
2022-08-29,41043.5,39454.2,1589.3,False,OK
2022-08-30,41386.4,40182.7,1203.7,False,OK
2022-08-31,36717.5,40370.3,3652.9,True,RETRAINED
2022-09-01,35186.7,36142.4,955.8,False,OK
2022-09-02,33840.2,36053.3,2213.1,False,OK
2022-09-03,33316.2,34864.6,1548.4,False,OK
2022-09-04,34863.5,36070.1,1206.6,False,OK
2022-09-05,35622.5,39421.4,3798.8,True,RETRAINED
2022-09-06,35681.3,35999.0,317.7,False,OK
2022-09-07,32919.5,36437.0,3517.5,True,RETRAINED
2022-09-08,32176.7,31816.1,360.6,False,OK
2022-09-09,31744.1,31702.6,41.5,False,OK
2022-09-10,30385.7,30481.9,96.1,False,OK
2022-09-11,31231.0,31197.8,33.3,False,OK
2022-09-12,35843.2,36036.9,193.7,False,OK
2022-09-13,34993.8,35092.3,98.5,False,OK
2022-09-14,31229.5,34248.1,3018.6,True,RETRAINED
2022-09-15,30573.3,30619.4,46.0,False,OK
2022-09-16,28943.8,30647.1,1703.3,False,OK
2022-09-17,28605.0,28323.9,281.1,False,OK
2022-09-18,30303.5,29439.7,863.7,False,OK
2022-09-19,34101.1,33090.4,1010.7,False,OK
2022-09-20,33458.0,33759.4,301.4,False,OK
2022-09-21,32857.3,34470.5,1613.2,False,OK
2022-09-22,31646.1,32204.9,558.8,False,OK
2022-09-23,25629.8,30520.3,4890.5,True,RETRAINED
2022-09-24,24077.5,26674.6,2597.1,False,OK
2022-09-25,25473.7,27744.0,2270.3,False,OK
2022-09-26,27904.6,29730.2,1825.5,False,OK
2022-09-27,26965.3,29103.0,2137.7,False,OK
2022-09-28,26327.9,28347.2,2019.3,False,OK
2022-09-29,26343.8,27698.3,1354.5,False,OK
2022-09-30,26414.6,26658.9,244.3,False,OK
2022-10-01,25446.7,25925.3,478.6,False,OK
2022-10-02,25073.8,25679.3,605.5,False,OK
2022-10-03,27538.0,26402.7,1135.3,False,OK
2022-10-04,28358.9,27799.6,559.3,False,OK
2022-10-05,27624.0,28021.3,397.3,False,OK
2022-10-06,27069.9,27322.4,252.5,False,OK
2022-10-07,27044.4,26523.2,521.2,False,OK
2022-10-08,24219.2,25958.4,1739.2,False,OK
2022-10-09,24714.7,26320.6,1605.9,False,OK
2022-10-10,26684.2,27954.7,1270.4,False,OK
2022-10-11,26883.2,28288.6,1405.4,False,OK
2022-10-12,26946.0,27470.0,524.1,False,OK
2022-10-13,27774.0,26640.7,1133.3,False,OK
2022-10-14,26277.3,25991.1,286.3,False,OK
2022-10-15,24757.8,25446.7,688.9,False,OK
2022-10-16,24562.7,25477.9,915.1,False,OK
2022-10-17,26787.8,26616.2,171.6,False,OK
2022-10-18,26914.8,27244.8,330.1,False,OK
2022-10-19,28562.8,28447.6,115.2,False,OK
2022-10-20,28398.2,28012.5,385.8,False,OK
2022-10-21,27683.1,26873.7,809.3,False,OK
2022-10-22,25601.1,25930.3,329.2,False,OK
2022-10-23,25644.6,25562.4,82.2,False,OK
2022-10-24,27395.3,26502.4,892.9,False,OK
2022-10-25,27690.1,27176.8,513.3,False,OK
2022-10-26,27611.0,27180.1,430.9,False,OK
2022-10-27,26653.9,26866.2,212.3,False,OK
2022-10-28,27435.4,26513.4,922.0,False,OK
2022-10-29,25714.8,26450.7,735.9,False,OK
2022-10-30,25874.3,26689.9,815.6,False,OK
2022-10-31,27169.8,28497.1,1327.3,False,OK
2022-11-01,27382.6,28569.2,1186.7,False,OK
2022-11-02,26894.6,27890.1,995.5,False,OK
2022-11-03,27000.6,27335.3,334.7,False,OK
2022-11-04,27057.4,26738.3,319.1,False,OK
2022-11-05,26144.0,26186.5,42.5,False,OK
2022-11-06,27657.9,26669.1,988.8,False,OK
2022-11-07,28393.2,29088.5,695.3,False,OK
2022-11-08,26529.4,28952.8,2423.3,False,OK
2022-11-09,27854.9,28527.5,672.7,False,OK
2022-11-10,27654.1,28168.7,514.6,False,OK
2022-11-11,27993.3,26584.1,1409.1,False,OK
2022-11-12,25895.2,25826.8,68.4,False,OK
2022-11-13,25808.9,25761.8,47.1,False,OK
2022-11-14,30205.2,27826.4,2378.8,False,OK
2022-11-15,32345.6,30374.3,1971.3,False,OK
2022-11-16,30431.4,30575.9,144.5,False,OK
2022-11-17,31909.6,29709.9,2199.7,False,OK
2022-11-18,32677.0,30340.3,2336.7,False,OK
2022-11-19,30910.5,29994.1,916.3,False,OK
2022-11-20,31951.0,30798.8,1152.2,False,OK
2022-11-21,34365.5,33807.9,557.6,False,OK
2022-11-22,32082.4,32738.2,655.9,False,OK
2022-11-23,30898.2,30650.9,247.4,False,OK
2022-11-24,28490.1,29271.3,781.3,False,OK
2022-11-25,27860.0,28306.3,446.3,False,OK
2022-11-26,27583.7,27069.8,513.8,False,OK
2022-11-27,28159.7,28343.6,183.8,False,OK
2022-11-28,28835.4,29963.7,1128.3,False,OK
2022-11-29,31059.9,30907.1,152.8,False,OK
2022-11-30,30974.6,31016.7,42.1,False,OK
2022-12-01,32605.4,29506.0,3099.4,True,RETRAINED
2022-12-02,33115.3,31396.0,1719.3,False,OK
2022-12-03,28603.3,30097.4,1494.0,False,OK
2022-12-04,29903.2,27837.5,2065.7,False,OK
2022-12-05,33893.4,32054.2,1839.2,False,OK
2022-12-06,31938.8,32727.4,788.7,False,OK
2022-12-07,29631.4,30835.8,1204.5,False,OK
2022-12-08,29524.3,28658.3,866.0,False,OK
2022-12-09,31121.9,28640.3,2481.6,False,OK
2022-12-10,31387.6,30584.1,803.5,False,OK
2022-12-11,30492.3,31512.7,1020.4,False,OK
2022-12-12,33932.6,31513.4,2419.2,False,OK
2022-12-13,34782.6,33262.6,1519.9,False,OK
2022-12-14,36149.8,33516.2,2633.6,False,OK
2022-12-15,35429.6,32999.5,2430.1,False,OK
2022-12-16,32718.5,30809.4,1909.2,False,OK
2022-12-17,31927.7,30482.1,1445.6,False,OK
2022-12-18,32780.9,31791.5,989.4,False,OK
2022-12-19,36442.8,33294.3,3148.5,True,RETRAINED
2022-12-20,36457.3,31837.4,4619.9,True,RETRAINED
2022-12-21,36147.1,33278.4,2868.7,False,OK
2022-12-22,34765.6,32766.0,1999.5,False,OK
2022-12-23,36275.3,30667.5,5607.9,True,RETRAINED
2022-12-24,44058.4,31032.2,13026.2,True,RETRAINED
2022-12-25,39329.3,33951.0,5378.3,True,RETRAINED
2022-12-26,38800.5,35227.7,3572.7,True,RETRAINED
2022-12-27,36754.4,35016.2,1738.2,False,OK
2022-12-28,35448.1,33550.9,1897.2,False,OK
2022-12-29,33232.8,32132.7,1100.2,False,OK
2022-12-30,30558.3,30461.6,96.7,False,OK
2022-12-31,28105.6,28691.3,585.7,False,OK
2023-01-01,26140.3,28492.1,2351.8,False,OK
2023-01-02,28091.5,31921.3,3829.8,True,RETRAINED
2023-01-03,28922.3,32689.8,3767.6,True,RETRAINED
2023-01-04,28262.3,30715.0,2452.7,False,OK
2023-01-05,28164.8,30129.4,1964.6,False,OK
2023-01-06,30186.7,29763.9,422.8,False,OK
2023-01-07,30495.4,30314.7,180.7,False,OK
2023-01-08,32076.5,31314.2,762.3,False,OK
2023-01-09,32326.2,33282.9,956.7,False,OK
2023-01-10,34425.6,32059.9,2365.8,False,OK
2023-01-11,34369.2,31924.0,2445.1,False,OK
2023-01-12,31578.3,31350.6,227.8,False,OK
2023-01-13,30129.4,28937.8,1191.6,False,OK
2023-01-14,33905.3,28557.2,5348.1,True,RETRAINED
2023-01-15,33338.8,33210.9,127.9,False,OK
2023-01-16,33394.2,33331.1,63.1,False,OK
2023-01-17,32933.6,33403.3,469.7,False,OK
2023-01-18,30400.8,32827.3,2426.5,False,OK
2023-01-19,31599.8,32120.8,521.0,False,OK
2023-01-20,30752.5,32318.3,1565.8,False,OK
2023-01-21,31550.0,32228.2,678.2,False,OK
2023-01-22,32472.7,33926.6,1453.9,False,OK
2023-01-23,33297.0,34676.7,1379.7,False,OK
2023-01-24,33286.7,34303.6,1016.9,False,OK
2023-01-25,34634.6,34391.5,243.1,False,OK
2023-01-26,32028.5,33633.4,1604.9,False,OK
2023-01-27,33651.7,33217.9,433.8,False,OK
2023-01-28,30854.9,33758.6,2903.7,False,OK
2023-01-29,30385.1,33525.5,3140.4,True,RETRAINED
2023-01-30,30343.2,33548.8,3205.6,True,RETRAINED
2023-01-31,32590.0,31244.4,1345.6,False,OK
2023-02-01,34687.4,32083.3,2604.1,False,OK
2023-02-02,35450.1,33337.3,2112.9,False,OK
2023-02-03,36866.4,32810.3,4056.1,True,RETRAINED
2023-02-04,39089.6,34972.2,4117.4,True,RETRAINED
2023-02-05,32821.0,35252.5,2431.5,False,OK
2023-02-06,31824.4,31050.7,773.7,False,OK
2023-02-07,33367.2,32032.9,1334.3,False,OK
2023-02-08,29789.9,33789.5,3999.7,True,RETRAINED
2023-02-09,29922.0,31683.4,1761.4,False,OK
2023-02-10,27485.0,31069.7,3584.7,True,RETRAINED
2023-02-11,28300.9,28964.5,663.6,False,OK
2023-02-12,31120.1,30566.9,553.1,False,OK
2023-02-13,30619.8,31988.0,1368.1,False,OK
2023-02-14,29700.5,31135.1,1434.6,False,OK
2023-02-15,28577.3,30304.9,1727.6,False,OK
2023-02-16,28077.1,28414.0,336.9,False,OK
2023-02-17,29121.3,28088.1,1033.2,False,OK
2023-02-18,30837.0,27740.6,3096.4,True,RETRAINED
2023-02-19,28965.6,29779.9,814.3,False,OK
2023-02-20,28640.1,28208.3,431.8,False,OK
2023-02-21,28773.3,28042.2,731.1,False,OK
2023-02-22,30475.3,27969.8,2505.5,False,OK
2023-02-23,29105.9,28016.2,1089.6,False,OK
2023-02-24,28084.2,26751.7,1332.6,False,OK
2023-02-25,31656.0,26575.1,5080.8,True,RETRAINED
2023-02-26,29681.8,30164.5,482.7,False,OK
2023-02-27,30948.8,28290.5,2658.2,False,OK
2023-02-28,30539.9,30409.5,130.4,False,OK
2023-03-01,30280.8,28390.6,1890.3,False,OK
2023-03-02,29126.8,29394.3,267.5,False,OK
2023-03-03,30784.7,27148.0,3636.7,True,RETRAINED
2023-03-04,27589.7,28178.5,588.8,False,OK
2023-03-05,27395.8,27357.6,38.2,False,OK
2023-03-06,28807.5,28367.3,440.2,False,OK
2023-03-07,29621.1,28996.2,624.9,False,OK
2023-03-08,31086.2,29266.5,1819.7,False,OK
2023-03-09,30161.3,29548.1,613.3,False,OK
2023-03-10,31596.3,29142.2,2454.1,False,OK
2023-03-11,30022.7,29156.4,866.3,False,OK
2023-03-12,30784.2,29101.1,1683.1,False,OK
2023-03-13,31951.1,30036.3,1914.8,False,OK
2023-03-14,33667.1,29931.5,3735.6,True,RETRAINED
2023-03-15,33211.4,32870.1,341.3,False,OK
2023-03-16,30717.6,31890.1,1172.5,False,OK
2023-03-17,28464.9,29519.9,1055.1,False,OK
2023-03-18,26512.8,27954.7,1441.9,False,OK
2023-03-19,29679.0,29614.9,64.1,False,OK
2023-03-20,31664.6,31806.6,142.0,False,OK
2023-03-21,30089.9,31818.3,1728.4,False,OK
2023-03-22,28279.2,30666.7,2387.5,False,OK
2023-03-23,27928.4,28848.4,920.0,False,OK
2023-03-24,27289.1,27912.3,623.2,False,OK
2023-03-25,27346.1,28807.5,1461.3,False,OK
2023-03-26,24871.4,28730.8,3859.4,True,RETRAINED
2023-03-27,27542.3,27096.7,445.6,False,OK
2023-03-28,28023.2,27932.3,90.9,False,OK
2023-03-29,27856.3,28205.7,349.4,False,OK
2023-03-30,28610.4,27899.2,711.2,False,OK
2023-03-31,28871.6,28276.0,595.6,False,OK
2023-04-01,25392.7,26409.0,1016.3,False,OK
2023-04-02,24812.1,25676.5,864.4,False,OK
2023-04-03,27536.5,27773.3,236.9,False,OK
2023-04-04,27216.3,27333.3,117.0,False,OK
2023-04-05,28530.7,26794.7,1736.0,False,OK
2023-04-06,29161.7,29780.2,618.5,False,OK
2023-04-07,26110.6,29882.7,3772.1,True,RETRAINED
2023-04-08,26055.4,24172.7,1882.7,False,OK
2023-04-09,25155.0,24836.2,318.8,False,OK
2023-04-10,27035.8,25904.7,1131.1,False,OK
2023-04-11,27136.4,27037.3,99.2,False,OK
2023-04-12,27589.1,25962.0,1627.2,False,OK
2023-04-13,29337.3,25820.4,3516.9,True,RETRAINED
2023-04-14,29353.1,27868.9,1484.1,False,OK
2023-04-15,27582.9,27057.6,525.3,False,OK
2023-04-16,26690.9,27088.9,398.0,False,OK
2023-04-17,26365.8,27861.9,1496.1,False,OK
2023-04-18,25917.2,26606.9,689.7,False,OK
2023-04-19,26311.6,26490.9,179.3,False,OK
2023-04-20,27417.3,26510.9,906.4,False,OK
2023-04-21,28065.8,26998.7,1067.1,False,OK
2023-04-22,25201.3,28496.0,3294.7,True,RETRAINED
2023-04-23,23789.9,26274.8,2484.8,False,OK
2023-04-24,25624.5,26155.5,531.1,False,OK
2023-04-25,26375.7,26971.3,595.5,False,OK
2023-04-26,26627.8,27125.7,497.9,False,OK
2023-04-27,26723.4,26893.2,169.9,False,OK
2023-04-28,27175.7,26585.0,590.7,False,OK
2023-04-29,25628.6,26395.8,767.2,False,OK
2023-04-30,25678.0,25962.2,284.3,False,OK
2023-05-01,26290.3,26438.1,147.8,False,OK
2023-05-02,27148.9,27149.0,0.1,False,OK
2023-05-03,27427.2,27527.2,100.0,False,OK
2023-05-04,27386.8,27707.8,321.0,False,OK
2023-05-05,26242.7,27182.3,939.6,False,OK
2023-05-06,24387.2,26491.7,2104.5,False,OK
2023-05-07,24837.6,26180.4,1342.8,False,OK
2023-05-08,28730.7,26810.0,1920.7,False,OK
2023-05-09,27222.3,29542.8,2320.5,False,OK
2023-05-10,26458.1,27719.2,1261.1,False,OK
2023-05-11,27935.0,27054.9,880.1,False,OK
2023-05-12,30517.8,26796.8,3720.9,True,RETRAINED
2023-05-13,28256.1,27359.6,896.5,False,OK
2023-05-14,25522.1,26576.9,1054.8,False,OK
2023-05-15,26773.8,26648.6,125.2,False,OK
2023-05-16,28599.0,26704.4,1894.6,False,OK
2023-05-17,27484.6,27794.2,309.6,False,OK
2023-05-18,25965.2,26929.1,963.9,False,OK
2023-05-19,26562.1,26262.6,299.5,False,OK
2023-05-20,26414.9,25997.5,417.5,False,OK
2023-05-21,25622.7,26557.0,934.3,False,OK
2023-05-22,28138.0,26801.3,1336.7,False,OK
2023-05-23,27564.6,27430.3,134.3,False,OK
2023-05-24,27937.5,27176.1,761.3,False,OK
2023-05-25,26674.9,26988.1,313.1,False,OK
2023-05-26,26335.5,25925.0,410.5,False,OK
2023-05-27,25033.5,25656.0,622.5,False,OK
2023-05-28,25058.5,25711.8,653.3,False,OK
2023-05-29,26973.9,26316.9,657.0,False,OK
2023-05-30,27627.8,27495.9,131.9,False,OK
2023-05-31,28060.7,27253.9,806.8,False,OK
2023-06-01,30532.7,26701.5,3831.1,True,RETRAINED
2023-06-02,33662.4,28108.9,5553.4,True,RETRAINED
2023-06-03,29745.1,33271.4,3526.4,True,RETRAINED
2023-06-04,25609.2,28446.0,2836.8,False,OK
2023-06-05,28093.0,26514.0,1579.0,False,OK
2023-06-06,29007.1,27860.6,1146.5,False,OK
2023-06-07,28746.9,28829.7,82.8,False,OK
2023-06-08,27975.9,28442.6,466.7,False,OK
2023-06-09,27828.4,27291.5,536.9,False,OK
2023-06-10,27772.6,26806.8,965.7,False,OK
2023-06-11,30621.3,28360.7,2260.5,False,OK
2023-06-12,33088.7,32004.3,1084.4,False,OK
2023-06-13,30711.2,30284.1,427.1,False,OK
2023-06-14,30051.8,28360.4,1691.4,False,OK
2023-06-15,30630.9,28448.9,2182.0,False,OK
2023-06-16,30112.6,28823.4,1289.2,False,OK
2023-06-17,28117.8,29491.0,1373.1,False,OK
2023-06-18,28810.8,28708.7,102.1,False,OK
2023-06-19,32986.3,30329.4,2657.0,False,OK
2023-06-20,32454.0,33651.5,1197.5,False,OK
2023-06-21,29223.0,31434.3,2211.3,False,OK
2023-06-22,28556.9,28044.3,512.6,False,OK
2023-06-23,30468.6,28096.7,2371.9,False,OK
2023-06-24,32037.7,31316.5,721.2,False,OK
2023-06-25,33747.6,34398.6,651.0,False,OK
2023-06-26,36678.4,36315.9,362.6,False,OK
2023-06-27,34125.9,37476.8,3350.9,True,RETRAINED
2023-06-28,33780.4,34567.3,786.9,False,OK
2023-06-29,34122.0,33154.8,967.2,False,OK
2023-06-30,35085.4,33111.1,1974.3,False,OK
2023-07-01,33667.4,34542.7,875.2,False,OK
2023-07-02,36678.9,34104.0,2575.0,False,OK
2023-07-03,39874.8,39099.1,775.7,False,OK
2023-07-04,37847.7,40616.3,2768.7,False,OK
2023-07-05,41251.8,40649.4,602.4,False,OK
2023-07-06,42060.4,41247.2,813.2,False,OK
2023-07-07,41037.6,39298.8,1738.7,False,OK
2023-07-08,38424.6,36505.8,1918.8,False,OK
2023-07-09,35437.2,35936.4,499.2,False,OK
2023-07-10,36812.7,37556.8,744.1,False,OK
2023-07-11,38135.2,38796.7,661.5,False,OK
2023-07-12,40244.2,39691.5,552.7,False,OK
2023-07-13,42720.2,40194.2,2526.0,False,OK
2023-07-14,41563.1,40745.1,818.0,False,OK
2023-07-15,39510.0,38705.7,804.3,False,OK
2023-07-16,37167.3,37729.3,562.0,False,OK
2023-07-17,40301.5,41115.3,813.8,False,OK
2023-07-18,40506.7,42151.9,1645.2,False,OK
2023-07-19,38328.4,41889.6,3561.2,True,RETRAINED
2023-07-20,39671.1,39654.8,16.2,False,OK
2023-07-21,38662.3,39324.6,662.2,False,OK
2023-07-22,34274.3,36897.2,2622.9,False,OK
2023-07-23,35189.1,33788.4,1400.7,False,OK
2023-07-24,38172.2,36386.9,1785.3,False,OK
2023-07-25,38713.3,37484.2,1229.0,False,OK
2023-07-26,39539.2,37625.7,1913.5,False,OK
2023-07-27,44273.1,39491.6,4781.5,True,RETRAINED
2023-07-28,45485.1,42947.9,2537.2,False,OK
2023-07-29,41447.4,43052.6,1605.2,False,OK
2023-07-30,34316.8,42015.5,7698.7,True,RETRAINED
2023-07-31,35413.4,35459.0,45.6,False,OK
2023-08-01,33953.0,36289.9,2336.9,False,OK
2023-08-02,33163.3,33429.0,265.7,False,OK
2023-08-03,32786.4,33153.7,367.3,False,OK
2023-08-04,33228.5,32043.1,1185.4,False,OK
2023-08-05,34767.6,32711.8,2055.9,False,OK
2023-08-06,35570.4,34904.5,665.9,False,OK
2023-08-07,38322.0,37580.6,741.4,False,OK
2023-08-08,35929.3,38688.1,2758.7,False,OK
2023-08-09,36613.9,36013.0,600.9,False,OK
2023-08-10,35468.6,35603.9,135.4,False,OK
2023-08-11,36204.0,33994.6,2209.3,False,OK
2023-08-12,36771.9,35071.0,1700.9,False,OK
2023-08-13,38735.5,35793.1,2942.4,False,OK
2023-08-14,39822.9,38564.7,1258.2,False,OK
2023-08-15,41244.9,38127.5,3117.4,True,RETRAINED
2023-08-16,38743.0,41237.6,2494.5,False,OK
2023-08-17,39409.7,36275.9,3133.8,True,RETRAINED
2023-08-18,37223.1,38135.4,912.2,False,OK
2023-08-19,30839.3,34787.5,3948.3,True,RETRAINED
2023-08-20,33380.9,29032.7,4348.2,True,RETRAINED
2023-08-21,39458.9,35368.0,4090.9,True,RETRAINED
2023-08-22,36360.9,37879.6,1518.7,False,OK
2023-08-23,33054.9,35663.6,2608.7,False,OK
2023-08-24,33539.4,31975.6,1563.8,False,OK
2023-08-25,37737.1,35217.3,2519.7,False,OK
2023-08-26,38153.0,37358.6,794.4,False,OK
2023-08-27,35710.4,36973.2,1262.8,False,OK
2023-08-28,35463.6,35720.6,257.0,False,OK
2023-08-29,36073.1,35108.4,964.7,False,OK
2023-08-30,37335.0,36790.3,544.6,False,OK
2023-08-31,31983.5,37148.9,5165.4,True,RETRAINED
2023-09-01,30279.0,29412.0,867.0,False,OK
2023-09-02,29779.5,27440.0,2339.5,False,OK
2023-09-03,34730.5,30104.2,4626.3,True,RETRAINED
2023-09-04,39159.8,36388.1,2771.7,False,OK
2023-09-05,43193.4,37078.0,6115.5,True,RETRAINED
2023-09-06,44302.4,39193.0,5109.4,True,RETRAINED
2023-09-07,43838.2,37730.2,6108.0,True,RETRAINED
2023-09-08,40535.1,36840.1,3695.0,True,RETRAINED
2023-09-09,35169.0,36205.2,1036.2,False,OK
2023-09-10,33019.9,35415.9,2396.0,False,OK
2023-09-11,36494.3,33789.2,2705.1,False,OK
2023-09-12,36971.8,35714.6,1257.1,False,OK
2023-09-13,35741.9,36545.5,803.6,False,OK
2023-09-14,32503.8,35633.5,3129.7,True,RETRAINED
2023-09-15,28679.2,29831.9,1152.6,False,OK
2023-09-16,27083.2,27451.2,367.9,False,OK
2023-09-17,27412.8,28802.7,1389.9,False,OK
2023-09-18,29812.8,30055.8,243.0,False,OK
2023-09-19,28608.1,31045.3,2437.2,False,OK
2023-09-20,28971.0,29990.2,1019.2,False,OK
2023-09-21,28904.9,28856.2,48.7,False,OK
2023-09-22,27839.8,28312.3,472.5,False,OK
2023-09-23,26263.3,26899.8,636.5,False,OK
2023-09-24,26387.4,26561.4,174.1,False,OK
2023-09-25,28304.9,27817.7,487.2,False,OK
2023-09-26,27757.6,28143.2,385.6,False,OK
2023-09-27,27036.2,28029.9,993.7,False,OK
2023-09-28,27446.0,27475.8,29.9,False,OK
2023-09-29,27760.4,26777.8,982.6,False,OK
2023-09-30,26382.3,26242.3,140.0,False,OK
2023-10-01,26798.1,26640.5,157.6,False,OK
2023-10-02,29921.8,28038.0,1883.8,False,OK
2023-10-03,30698.5,29124.6,1573.9,False,OK
2023-10-04,31212.6,29209.8,2002.8,False,OK
2023-10-05,30256.6,28034.7,2221.9,False,OK
2023-10-06,31127.6,26772.4,4355.3,True,RETRAINED
2023-10-07,26812.9,27604.1,791.2,False,OK
2023-10-08,24182.9,26775.9,2593.0,False,OK
2023-10-09,26444.6,29316.4,2871.8,False,OK
2023-10-10,26912.6,29662.3,2749.7,False,OK
2023-10-11,26931.5,28406.9,1475.4,False,OK
2023-10-12,27052.3,27666.2,613.9,False,OK
2023-10-13,26448.3,26825.3,377.0,False,OK
2023-10-14,25981.5,26109.1,127.6,False,OK
2023-10-15,24875.6,26102.4,1226.7,False,OK
2023-10-16,27186.6,27620.5,433.9,False,OK
2023-10-17,27292.4,28370.0,1077.5,False,OK
2023-10-18,27167.1,27544.1,376.9,False,OK
2023-10-19,27245.0,27345.6,100.6,False,OK
2023-10-20,27096.1,26557.1,539.0,False,OK
2023-10-21,25088.2,25762.1,673.9,False,OK
2023-10-22,24810.2,25828.9,1018.8,False,OK
2023-10-23,27146.5,27250.6,104.0,False,OK
2023-10-24,27774.7,28405.1,630.3,False,OK
2023-10-25,27481.9,27635.0,153.2,False,OK
2023-10-26,27709.6,26739.8,969.9,False,OK
2023-10-27,28015.2,25968.7,2046.5,False,OK
2023-10-28,27454.5,25678.6,1775.9,False,OK
2023-10-29,26755.8,26082.9,672.9,False,OK
2023-10-30,28091.8,26421.5,1670.3,False,OK
2023-10-31,27689.0,26731.6,957.4,False,OK
2023-11-01,29591.6,28348.2,1243.4,False,OK
2023-11-02,30881.5,29323.1,1558.4,False,OK
2023-11-03,30104.0,28837.2,1266.8,False,OK
2023-11-04,27375.4,27691.6,316.2,False,OK
2023-11-05,27008.8,26988.9,19.9,False,OK
2023-11-06,27615.8,27657.2,41.4,False,OK
2023-11-07,27882.2,28300.4,418.2,False,OK
2023-11-08,27499.0,27244.1,254.9,False,OK
2023-11-09,28200.1,27239.4,960.7,False,OK
2023-11-10,28648.6,26181.1,2467.5,False,OK
2023-11-11,27919.6,26684.0,1235.6,False,OK
2023-11-12,28332.6,27425.4,907.2,False,OK
2023-11-13,31017.9,30231.6,786.3,False,OK
2023-11-14,30348.5,30870.9,522.4,False,OK
2023-11-15,30681.6,29561.2,1120.3,False,OK
2023-11-16,29236.0,28828.4,407.6,False,OK
2023-11-17,28324.2,27835.1,489.1,False,OK
2023-11-18,26256.5,26660.2,403.7,False,OK
2023-11-19,28000.4,27326.9,673.5,False,OK
2023-11-20,30963.4,29895.3,1068.1,False,OK
2023-11-21,31973.7,30954.4,1019.3,False,OK
2023-11-22,29194.8,29185.6,9.2,False,OK
2023-11-23,27428.7,28424.9,996.2,False,OK
2023-11-24,28909.9,28983.7,73.9,False,OK
2023-11-25,30547.0,28713.9,1833.1,False,OK
2023-11-26,30830.2,31210.6,380.3,False,OK
2023-11-27,31396.0,31810.4,414.4,False,OK
2023-11-28,35287.4,32669.5,2618.0,False,OK
2023-11-29,36767.2,33623.5,3143.7,True,RETRAINED
2023-11-30,33733.8,33939.5,205.7,False,OK
2023-12-01,32774.5,30583.0,2191.5,False,OK
2023-12-02,28267.9,30215.0,1947.2,False,OK
2023-12-03,27927.2,28290.7,363.4,False,OK
2023-12-04,30139.9,29798.9,341.0,False,OK
2023-12-05,32460.8,32672.6,211.8,False,OK
2023-12-06,33812.6,32211.9,1600.8,False,OK
2023-12-07,35237.3,32383.0,2854.3,False,OK
2023-12-08,32480.0,33203.5,723.4,False,OK
2023-12-09,29697.1,30920.9,1223.8,False,OK
2023-12-10,28327.2,31171.5,2844.3,False,OK
2023-12-11,32921.0,30273.4,2647.6,False,OK
2023-12-12,34799.0,35313.9,514.9,False,OK
2023-12-13,34252.3,34443.7,191.4,False,OK
2023-12-14,35068.0,33994.0,1074.0,False,OK
2023-12-15,33611.2,34245.0,633.8,False,OK
2023-12-16,30808.9,31379.5,570.6,False,OK
2023-12-17,29824.3,31303.1,1478.8,False,OK
2023-12-18,30529.1,31604.6,1075.4,False,OK
2023-12-19,34668.9,32972.2,1696.6,False,OK
2023-12-20,35706.9,34609.7,1097.2,False,OK
2023-12-21,34843.0,33144.2,1698.7,False,OK
2023-12-22,34437.1,33055.2,1381.8,False,OK
2023-12-23,32367.6,32421.4,53.9,False,OK
2023-12-24,29938.3,32746.2,2807.9,False,OK
2023-12-25,28589.3,34959.0,6369.7,True,RETRAINED
2023-12-26,29892.3,34361.1,4468.8,True,RETRAINED
2023-12-27,30257.1,31826.1,1569.0,False,OK
2023-12-28,29531.2,31034.4,1503.2,False,OK
2023-12-29,29726.7,30523.6,797.0,False,OK
2023-12-30,30860.6,31183.6,323.0,False,OK
2023-12-31,30956.7,31542.6,585.9,False,OK
2024-01-01,31345.1,32051.9,706.8,False,OK
2024-01-02,33869.4,31927.9,1941.5,False,OK
2024-01-03,34699.1,32141.6,2557.5,False,OK
2024-01-04,34718.0,32064.2,2653.8,False,OK
2024-01-05,36433.7,32137.9,4295.8,True,RETRAINED
2024-01-06,35409.4,34128.9,1280.5,False,OK
2024-01-07,32600.4,33765.9,1165.5,False,OK
2024-01-08,33823.1,33975.9,152.7,False,OK
2024-01-09,34257.6,33829.7,427.9,False,OK
2024-01-10,31433.4,32285.7,852.3,False,OK
2024-01-11,32832.1,32468.5,363.6,False,OK
2024-01-12,32962.7,33376.1,413.3,False,OK
2024-01-13,29505.6,32838.5,3332.9,True,RETRAINED
2024-01-14,32999.4,31753.7,1245.7,False,OK
2024-01-15,37556.6,34181.2,3375.4,True,RETRAINED
2024-01-16,39745.8,35904.2,3841.5,True,RETRAINED
2024-01-17,42424.1,35388.4,7035.7,True,RETRAINED
2024-01-18,40022.2,38185.7,1836.5,False,OK
2024-01-19,38460.6,35187.0,3273.6,True,RETRAINED
2024-01-20,40493.3,34954.7,5538.6,True,RETRAINED
2024-01-21,40089.8,37296.3,2793.5,False,OK
2024-01-22,39782.2,36666.5,3115.7,True,RETRAINED
2024-01-23,36507.0,36292.7,214.3,False,OK
2024-01-24,33060.2,34254.5,1194.3,False,OK
2024-01-25,30389.3,32765.8,2376.4,False,OK
2024-01-26,29397.0,31912.0,2515.0,False,OK
2024-01-27,27882.1,32760.6,4878.5,True,RETRAINED
2024-01-28,30225.4,31752.0,1526.6,False,OK
2024-01-29,33153.1,34262.0,1108.9,False,OK
2024-01-30,34618.9,36131.4,1512.5,False,OK
2024-01-31,34414.3,35393.0,978.7,False,OK
2024-02-01,33573.1,34486.3,913.2,False,OK
2024-02-02,32299.4,34357.6,2058.2,False,OK
2024-02-03,31062.1,33271.4,2209.3,False,OK
2024-02-04,31629.7,34509.3,2879.6,False,OK
2024-02-05,33412.4,35504.2,2091.8,False,OK
2024-02-06,34292.5,36071.1,1778.6,False,OK
2024-02-07,34115.6,35486.1,1370.5,False,OK
2024-02-08,33077.8,34030.2,952.4,False,OK
2024-02-09,30553.5,32596.2,2042.7,False,OK
2024-02-10,28049.0,30858.3,2809.3,False,OK
2024-02-11,27958.2,30904.4,2946.2,False,OK
2024-02-12,30853.8,32514.4,1660.6,False,OK
2024-02-13,32982.7,34121.4,1138.7,False,OK
2024-02-14,33662.5,35809.1,2146.7,False,OK
2024-02-15,34272.7,36504.6,2231.9,False,OK
2024-02-16,32301.0,34195.6,1894.6,False,OK
2024-02-17,33131.0,32464.5,666.5,False,OK
2024-02-18,33661.7,33277.0,384.6,False,OK
2024-02-19,33268.3,34315.4,1047.1,False,OK
2024-02-20,34211.3,34074.9,136.4,False,OK
2024-02-21,34033.8,32062.3,1971.5,False,OK
2024-02-22,33251.3,32688.1,563.2,False,OK
2024-02-23,31372.2,30898.9,473.3,False,OK
2024-02-24,30186.8,30456.9,270.1,False,OK
2024-02-25,31797.8,31489.8,308.0,False,OK
2024-02-26,31046.9,34432.6,3385.7,True,RETRAINED
2024-02-27,29647.6,30708.4,1060.7,False,OK
2024-02-28,29125.4,29137.7,12.3,False,OK
2024-02-29,31885.4,28705.1,3180.3,True,RETRAINED
2024-03-01,32281.1,32447.8,166.8,False,OK
2024-03-02,29438.7,31101.5,1662.8,False,OK
2024-03-03,26663.6,29830.5,3166.8,True,RETRAINED
2024-03-04,28497.3,30255.4,1758.1,False,OK
2024-03-05,29156.4,30881.4,1724.9,False,OK
2024-03-06,29896.6,30945.2,1048.6,False,OK
2024-03-07,28806.2,31178.2,2372.0,False,OK
2024-03-08,28482.8,30543.9,2061.1,False,OK
2024-03-09,29570.3,29853.9,283.5,False,OK
2024-03-10,28601.6,29458.2,856.6,False,OK
2024-03-11,31127.1,32165.4,1038.3,False,OK
2024-03-12,28962.1,32511.7,3549.6,True,RETRAINED
2024-03-13,27699.7,29727.5,2027.8,False,OK
2024-03-14,27564.2,28759.6,1195.4,False,OK
2024-03-15,27008.0,28372.9,1364.9,False,OK
2024-03-16,24845.4,27695.9,2850.4,False,OK
2024-03-17,25108.9,27057.0,1948.0,False,OK
2024-03-18,28252.1,27368.5,883.6,False,OK
2024-03-19,30688.6,28552.0,2136.6,False,OK
2024-03-20,29625.8,28626.3,999.4,False,OK
2024-03-21,30483.2,27348.2,3135.1,True,RETRAINED
2024-03-22,31139.6,28165.0,2974.6,False,OK
2024-03-23,29192.1,27664.2,1527.9,False,OK
2024-03-24,29375.9,26938.3,2437.6,False,OK
2024-03-25,30130.8,30315.8,185.0,False,OK
2024-03-26,29854.6,29891.4,36.8,False,OK
2024-03-27,30250.1,29341.2,908.9,False,OK
2024-03-28,30420.9,28858.3,1562.7,False,OK
2024-03-29,28435.0,28615.3,180.3,False,OK
2024-03-30,26656.1,28348.2,1692.1,False,OK
2024-03-31,24927.4,27355.1,2427.7,False,OK
2024-04-01,28009.7,27795.1,214.5,False,OK
2024-04-02,29213.0,28128.6,1084.4,False,OK
2024-04-03,30321.5,28310.9,2010.6,False,OK
2024-04-04,29665.0,28356.9,1308.1,False,OK
2024-04-05,29494.0,28990.3,503.7,False,OK
2024-04-06,28124.1,29447.9,1323.7,False,OK
2024-04-07,26223.0,27988.3,1765.4,False,OK
2024-04-08,27684.2,28446.2,762.0,False,OK
2024-04-09,27305.2,28496.3,1191.1,False,OK
2024-04-10,27461.8,28306.0,844.1,False,OK
2024-04-11,27912.3,27979.8,67.5,False,OK
2024-04-12,26883.6,27067.3,183.7,False,OK
2024-04-13,25115.6,25968.4,852.9,False,OK
2024-04-14,25197.3,25556.5,359.2,False,OK
2024-04-15,28421.4,27309.7,1111.7,False,OK
2024-04-16,27117.6,28116.0,998.4,False,OK
2024-04-17,27401.7,27314.5,87.1,False,OK
2024-04-18,28405.4,27552.0,853.4,False,OK
2024-04-19,26960.8,27340.7,379.9,False,OK
2024-04-20,24954.5,26353.6,1399.1,False,OK
2024-04-21,25826.6,25404.7,422.0,False,OK
2024-04-22,27492.3,27365.2,127.1,False,OK
2024-04-23,27325.9,27512.2,186.3,False,OK
2024-04-24,27132.5,27268.8,136.3,False,OK
2024-04-25,26553.4,26635.2,81.8,False,OK
2024-04-26,26775.3,26172.1,603.1,False,OK
2024-04-27,25894.2,25517.9,376.3,False,OK
2024-04-28,26466.3,25187.0,1279.2,False,OK
2024-04-29,31970.2,27558.9,4411.3,True,RETRAINED
2024-04-30,31069.9,30691.6,378.4,False,OK
2024-05-01,30747.3,30330.3,417.0,False,OK
2024-05-02,31907.2,29345.6,2561.6,False,OK
2024-05-03,28827.1,30382.7,1555.5,False,OK
2024-05-04,25615.2,26979.3,1364.1,False,OK
2024-05-05,26385.6,27159.0,773.3,False,OK
2024-05-06,29251.1,29371.1,119.9,False,OK
2024-05-07,30612.3,31083.8,471.5,False,OK
2024-05-08,33478.0,32503.6,974.4,False,OK
2024-05-09,30033.3,34540.8,4507.5,True,RETRAINED
2024-05-10,27971.4,28008.3,36.9,False,OK
2024-05-11,24721.6,27103.3,2381.7,False,OK
2024-05-12,25113.2,26780.4,1667.2,False,OK
2024-05-13,27519.0,29107.7,1588.7,False,OK
2024-05-14,28246.7,28728.9,482.2,False,OK
2024-05-15,28247.7,28538.8,291.1,False,OK
2024-05-16,28836.3,28329.4,506.9,False,OK
2024-05-17,28075.4,28533.0,457.6,False,OK
2024-05-18,26256.7,27467.5,1210.7,False,OK
2024-05-19,26560.5,26690.8,130.3,False,OK
2024-05-20,29258.5,28471.6,786.8,False,OK
2024-05-21,31815.3,28857.7,2957.6,False,OK
2024-05-22,34874.6,30790.9,4083.7,True,RETRAINED
2024-05-23,34774.1,32437.0,2337.0,False,OK
2024-05-24,34032.1,31675.8,2356.3,False,OK
2024-05-25,32424.0,28904.4,3519.6,True,RETRAINED
2024-05-26,33199.6,31814.9,1384.7,False,OK
2024-05-27,32277.3,35568.6,3291.3,True,RETRAINED
2024-05-28,33023.7,34806.2,1782.5,False,OK
2024-05-29,30903.9,33496.0,2592.2,False,OK
2024-05-30,28923.1,30602.9,1679.8,False,OK
2024-05-31,28145.6,28632.3,486.7,False,OK
2024-06-01,28304.0,27900.9,403.1,False,OK
2024-06-02,29909.1,28772.8,1136.3,False,OK
2024-06-03,35702.0,30982.5,4719.5,True,RETRAINED
2024-06-04,36780.6,31972.6,4808.0,True,RETRAINED
2024-06-05,36184.1,35355.6,828.5,False,OK
2024-06-06,38019.4,35193.3,2826.1,False,OK
2024-06-07,35677.6,36596.8,919.2,False,OK
2024-06-08,31116.4,31892.5,776.1,False,OK
2024-06-09,31242.6,30059.4,1183.2,False,OK
2024-06-10,31814.2,33057.2,1243.1,False,OK
2024-06-11,30795.3,31342.3,547.0,False,OK
2024-06-12,31850.8,30576.6,1274.2,False,OK
2024-06-13,36129.3,32258.0,3871.3,True,RETRAINED
2024-06-14,37689.0,35694.2,1994.9,False,OK
2024-06-15,32816.3,36689.6,3873.3,True,RETRAINED
2024-06-16,31514.6,33254.9,1740.3,False,OK
2024-06-17,37994.6,35624.2,2370.4,False,OK
2024-06-18,40931.8,37063.9,3867.9,True,RETRAINED
2024-06-19,40113.9,38426.1,1687.8,False,OK
2024-06-20,40957.9,37057.8,3900.2,True,RETRAINED
2024-06-21,42957.9,38058.2,4899.7,True,RETRAINED
2024-06-22,43391.8,41142.3,2249.6,False,OK
2024-06-23,43449.4,42290.8,1158.6,False,OK
2024-06-24,40107.4,42794.1,2686.7,False,OK
2024-06-25,38149.4,38690.3,540.8,False,OK
2024-06-26,43215.1,37338.0,5877.0,True,RETRAINED
2024-06-27,38970.4,43260.8,4290.4,True,RETRAINED
2024-06-28,34656.4,38764.6,4108.2,True,RETRAINED
2024-06-29,37058.5,33468.7,3589.9,True,RETRAINED
2024-06-30,39970.0,39426.6,543.4,False,OK
2024-07-01,33709.0,40982.9,7273.9,True,RETRAINED
2024-07-02,34457.3,30891.9,3565.4,True,RETRAINED
2024-07-03,36041.3,34253.0,1788.3,False,OK
2024-07-04,38084.2,37416.8,667.4,False,OK
2024-07-05,43766.1,40494.7,3271.4,True,RETRAINED
2024-07-06,44979.5,43574.3,1405.3,False,OK
2024-07-07,42796.7,42309.3,487.4,False,OK
2024-07-08,45299.8,42205.4,3094.4,True,RETRAINED
2024-07-09,47539.9,43838.2,3701.7,True,RETRAINED
2024-07-10,47767.1,43247.1,4520.0,True,RETRAINED
2024-07-11,42929.9,43418.4,488.5,False,OK
2024-07-12,38438.6,39520.2,1081.6,False,OK
2024-07-13,39805.3,36478.2,3327.1,True,RETRAINED
2024-07-14,42318.9,37934.8,4384.1,True,RETRAINED
2024-07-15,46501.7,41345.9,5155.8,True,RETRAINED
2024-07-16,48564.9,43963.2,4601.7,True,RETRAINED
2024-07-17,45741.0,43852.4,1888.6,False,OK
2024-07-18,40182.2,43380.4,3198.3,True,RETRAINED
2024-07-19,37748.7,36006.6,1742.2,False,OK
2024-07-20,35563.7,32649.6,2914.1,False,OK
2024-07-21,37865.0,35120.4,2744.6,False,OK
2024-07-22,39084.6,38073.6,1011.0,False,OK
2024-07-23,39795.1,38464.5,1330.6,False,OK
2024-07-24,39664.9,39403.6,261.3,False,OK
2024-07-25,38596.8,39551.0,954.2,False,OK
2024-07-26,35699.8,38020.0,2320.2,False,OK
2024-07-27,34708.4,35269.7,561.3,False,OK
2024-07-28,35325.0,36907.5,1582.5,False,OK
2024-07-29,39805.8,38518.1,1287.7,False,OK
2024-07-30,40808.0,40218.8,589.1,False,OK
2024-07-31,42853.7,40726.1,2127.6,False,OK
2024-08-01,45172.4,41309.6,3862.7,True,RETRAINED
2024-08-02,46176.0,43303.0,2873.0,False,OK
2024-08-03,41328.6,43031.3,1702.7,False,OK
2024-08-04,37613.3,37296.2,317.0,False,OK
2024-08-05,42746.7,38364.9,4381.9,True,RETRAINED
2024-08-06,43768.4,41352.0,2416.4,False,OK
2024-08-07,38124.1,42332.1,4208.0,True,RETRAINED
2024-08-08,35918.1,39896.0,3977.9,True,RETRAINED
2024-08-09,39431.1,35743.9,3687.3,True,RETRAINED
2024-08-10,38003.1,35899.6,2103.5,False,OK
2024-08-11,34083.2,36113.3,2030.1,False,OK
2024-08-12,35012.8,36014.0,1001.2,False,OK
2024-08-13,34759.1,34698.5,60.6,False,OK
2024-08-14,35949.1,34307.3,1641.8,False,OK
2024-08-15,36730.0,35385.3,1344.7,False,OK
2024-08-16,37628.7,36602.9,1025.8,False,OK
2024-08-17,35228.7,37316.8,2088.1,False,OK
2024-08-18,36457.8,36157.4,300.4,False,OK
2024-08-19,37359.8,38521.4,1161.5,False,OK
2024-08-20,31089.1,36470.6,5381.5,True,RETRAINED
2024-08-21,29098.1,31866.1,2768.1,False,OK
2024-08-22,29884.7,29530.4,354.3,False,OK
2024-08-23,31268.4,28384.0,2884.4,False,OK
2024-08-24,31225.3,28451.8,2773.5,False,OK
2024-08-25,33174.1,30111.5,3062.6,True,RETRAINED
2024-08-26,37405.7,34714.5,2691.2,False,OK
2024-08-27,39204.5,34953.1,4251.4,True,RETRAINED
2024-08-28,43166.0,36167.4,6998.6,True,RETRAINED
2024-08-29,40990.6,39296.9,1693.7,False,OK
2024-08-30,34475.7,38077.5,3601.7,True,RETRAINED
2024-08-31,33733.9,32859.6,874.2,False,OK
2024-09-01,34968.5,35095.6,127.1,False,OK
2024-09-02,32087.0,37922.9,5835.9,True,RETRAINED
2024-09-03,29430.0,34253.5,4823.5,True,RETRAINED
2024-09-04,29701.5,29425.1,276.4,False,OK
2024-09-05,30570.3,28744.1,1826.2,False,OK
2024-09-06,31560.0,28597.3,2962.7,False,OK
2024-09-07,29231.9,28922.8,309.1,False,OK
2024-09-08,25832.9,28163.0,2330.1,False,OK
2024-09-09,28293.6,28643.7,350.1,False,OK
2024-09-10,30456.9,27650.0,2806.9,False,OK
2024-09-11,31405.5,28451.3,2954.1,False,OK
2024-09-12,31934.5,29011.9,2922.6,False,OK
2024-09-13,32445.4,28213.2,4232.2,True,RETRAINED
2024-09-14,31594.6,28055.8,3538.7,True,RETRAINED
2024-09-15,30693.7,28864.0,1829.7,False,OK
2024-09-16,30693.3,30851.8,158.4,False,OK
2024-09-17,32190.1,29308.9,2881.2,False,OK
2024-09-18,32254.4,30465.4,1789.1,False,OK
2024-09-19,33248.7,30681.6,2567.0,False,OK
2024-09-20,33003.1,30493.8,2509.3,False,OK
2024-09-21,30843.6,29787.5,1056.1,False,OK
2024-09-22,29186.4,31026.8,1840.4,False,OK
2024-09-23,29376.7,32094.5,2717.8,False,OK
2024-09-24,29051.6,30126.6,1075.0,False,OK
2024-09-25,30152.4,29289.9,862.5,False,OK
2024-09-26,32668.8,29728.1,2940.7,False,OK
2024-09-27,32614.3,30802.6,1811.7,False,OK
2024-09-28,31092.0,31102.6,10.6,False,OK
2024-09-29,29159.5,33505.7,4346.1,True,RETRAINED
2024-09-30,30065.6,33305.6,3240.1,True,RETRAINED
2024-10-01,29571.5,29041.6,530.0,False,OK
2024-10-02,29296.2,28889.9,406.3,False,OK
2024-10-03,29864.5,28303.7,1560.8,False,OK
2024-10-04,29991.1,27995.1,1996.1,False,OK
2024-10-05,28249.7,28158.8,90.8,False,OK
2024-10-06,26968.3,27434.1,465.8,False,OK
2024-10-07,29491.3,27916.8,1574.5,False,OK
2024-10-08,27472.1,27476.9,4.8,False,OK
2024-10-09,27447.9,27519.4,71.6,False,OK
2024-10-10,26918.1,27108.8,190.7,False,OK
2024-10-11,27020.3,26630.2,390.1,False,OK
2024-10-12,25939.8,25822.6,117.2,False,OK
2024-10-13,26281.8,25543.1,738.7,False,OK
2024-10-14,27247.0,27396.2,149.1,False,OK
2024-10-15,27381.7,27146.0,235.7,False,OK
2024-10-16,28083.5,28003.3,80.2,False,OK
2024-10-17,28286.5,27906.1,380.4,False,OK
2024-10-18,27908.1,27240.3,667.8,False,OK
2024-10-19,26001.4,26206.6,205.2,False,OK
2024-10-20,25763.0,25772.9,9.9,False,OK
2024-10-21,27987.1,27128.2,858.9,False,OK
2024-10-22,28659.9,27554.5,1105.4,False,OK
2024-10-23,28380.9,27362.8,1018.1,False,OK
2024-10-24,27452.7,27012.7,440.0,False,OK
2024-10-25,27324.2,26532.7,791.4,False,OK
2024-10-26,25676.6,25942.0,265.4,False,OK
2024-10-27,25994.0,25488.7,505.3,False,OK
2024-10-28,28503.5,27899.3,604.2,False,OK
2024-10-29,28473.7,28246.1,227.5,False,OK
2024-10-30,28513.0,27650.0,863.1,False,OK
2024-10-31,29290.1,26835.7,2454.5,False,OK
2024-11-01,29143.4,26940.8,2202.7,False,OK
2024-11-02,25305.8,26549.4,1243.6,False,OK
2024-11-03,27233.8,25640.7,1593.1,False,OK
2024-11-04,28596.5,27916.3,680.2,False,OK
2024-11-05,28578.0,27928.1,649.9,False,OK
2024-11-06,29735.0,27208.5,2526.5,False,OK
2024-11-07,29634.9,27641.4,1993.6,False,OK
2024-11-08,27603.2,27473.9,129.4,False,OK
2024-11-09,25941.3,26134.6,193.3,False,OK
2024-11-10,27400.1,26413.3,986.8,False,OK
2024-11-11,27944.8,27446.7,498.1,False,OK
2024-11-12,28036.8,27369.4,667.5,False,OK
2024-11-13,30395.6,28517.6,1878.0,False,OK
2024-11-14,31430.9,29643.2,1787.7,False,OK
2024-11-15,29567.6,27829.8,1737.8,False,OK
2024-11-16,27267.0,26919.1,347.9,False,OK
2024-11-17,27605.0,27076.0,529.0,False,OK
2024-11-18,28175.6,28986.9,811.3,False,OK
2024-11-19,28594.1,28788.0,194.0,False,OK
2024-11-20,28523.3,28667.1,143.8,False,OK
2024-11-21,30582.7,27838.7,2744.0,False,OK
2024-11-22,33428.6,29446.8,3981.8,True,RETRAINED
2024-11-23,29658.1,31528.6,1870.5,False,OK
2024-11-24,28683.1,29926.5,1243.5,False,OK
2024-11-25,30321.8,30435.9,114.1,False,OK
2024-11-26,29566.8,31307.5,1740.7,False,OK
2024-11-27,30700.6,29902.7,797.9,False,OK
2024-11-28,28816.5,30802.2,1985.7,False,OK
2024-11-29,31265.0,29248.0,2017.0,False,OK
2024-11-30,33382.0,31566.1,1815.8,False,OK
2024-12-01,33974.8,34171.7,197.0,False,OK
2024-12-02,36435.3,34165.6,2269.7,False,OK
2024-12-03,37173.7,36647.9,525.7,False,OK
2024-12-04,37711.3,36288.2,1423.1,False,OK
2024-12-05,36274.3,35888.1,386.2,False,OK
2024-12-06,38238.1,34960.0,3278.0,True,RETRAINED
2024-12-07,36098.2,34114.3,1983.8,False,OK
2024-12-08,31496.8,33249.7,1752.9,False,OK
2024-12-09,32707.4,29874.2,2833.2,False,OK
2024-12-10,31726.7,29856.4,1870.3,False,OK
2024-12-11,31168.0,29353.0,1815.0,False,OK
2024-12-12,35035.4,28759.6,6275.9,True,RETRAINED
2024-12-13,36971.8,33071.0,3900.8,True,RETRAINED
2024-12-14,35489.5,33840.7,1648.9,False,OK
2024-12-15,34976.6,34566.3,410.3,False,OK
2024-12-16,34032.1,33494.8,537.3,False,OK
2024-12-17,31026.1,33037.9,2011.7,False,OK
2024-12-18,31854.5,30676.8,1177.7,False,OK
2024-12-19,32855.3,30819.6,2035.7,False,OK
2024-12-20,35454.5,31505.0,3949.5,True,RETRAINED
2024-12-21,35908.1,32383.0,3525.1,True,RETRAINED
2024-12-22,38957.2,33851.8,5105.3,True,RETRAINED
2024-12-23,41135.6,34858.6,6277.1,True,RETRAINED
2024-12-24,37175.3,37181.9,6.6,False,OK
2024-12-25,33475.8,36390.1,2914.3,False,OK
2024-12-26,35910.8,33833.2,2077.6,False,OK
2024-12-27,35250.1,32538.5,2711.6,False,OK
2024-12-28,31183.7,31328.8,145.1,False,OK
2024-12-29,28258.0,30029.0,1770.9,False,OK
2024-12-30,29037.7,30145.1,1107.4,False,OK
2024-12-31,30729.5,31541.9,812.3,False,OK
